<?xml version="1.0" encoding="UTF-8" standalone="yes"?>
<component-def name="oracle.wls.admin.console.en" version="12.1.3.0.0" description="Oracle WebLogic Administration Console English" gdr-version="1.1.0.0" xmlns:ns2="http://xmlns.oracle.com/cie/stringsubs" xmlns="http://xmlns.oracle.com/cie/gdr/cpd">
  <file-map symbol="wls.server.symbol" source="filegroup1.jar" expanded="true" compacted="true" patch="21732679">
    <exclude regex="\.ade_path" match-dirs="true"/>
    <directory dest="">
      <directory dest="server" mode="750">
        <directory dest="lib" mode="750">
          <directory dest="consoleapp" mode="750">
            <directory dest="APP-INF" mode="750">
              <directory dest="lib" mode="750">
                <file size="69002" dest="commons-fileupload.jar" mode="640" action="replacement"/>
                <file size="185140" dest="commons-io-2.4.jar" mode="640" action="replacement"/>
              </directory>
            </directory>
            <directory dest="consolehelp" mode="750">
              <directory dest="WEB-INF" mode="750">
                <directory dest="classes" mode="750">
                  <directory dest="com" mode="750">
                    <directory dest="bea" mode="750">
                      <directory dest="help" mode="750">
                        <directory dest="utils" mode="750">
                          <file size="3243" dest="HelpContentHelper.class" mode="640" action="replacement"/>
                        </directory>
                      </directory>
                    </directory>
                  </directory>
                </directory>
              </directory>
            </directory>
            <directory dest="webapp" mode="750">
              <directory dest="WEB-INF" mode="750">
                <directory dest="lib" mode="750">
                  <file size="22723176" dest="console.jar" mode="640" action="replacement"/>
                </directory>
              </directory>
            </directory>
          </directory>
        </directory>
      </directory>
      <file-perms>
        <permission mode="640" regex=".*"/>
      </file-perms>
    </directory>
    <file-perms>
      <permission mode="750" regex=".*" match-dirs="true"/>
    </file-perms>
  </file-map>
  <libraries/>
</component-def>
