<?xml version="1.0" encoding="UTF-8" standalone="no"?>
<oneoff_inventory>
    <opack_version version="14.1.0.1.7"/>
    <patch_description>WLS PATCH SET UPDATE 12.1.3.0.180116</patch_description>
    <patch_id number="27057030"/>
    <minimum_opatch_version>13.2.0.0.0</minimum_opatch_version>
    <unique_patch_id>21732679</unique_patch_id>
    <cannot_autorollback>false</cannot_autorollback>
    <date_of_patch day="21" month="Nov" time="19:49:29 hrs" year="2017" zone="PST8PDT"/>
    <base_bugs>
        <bug description="WLST DEPLOY COMMAND FAILING UNDER WEBLOGIC 12.1.2" number="18538501"/>
        <bug description="GLOBAL ERROR-PAGE=FOR SERVLET 3.0 MERGING RESPONSES" number="18746515"/>
        <bug description="WEBLOGIC SERVER HAS MEMORY LEAK ON REDEPLOY" number="17394051"/>
        <bug description="HIGH CPU USAGE ON WEBLOGIC 12.1.2 WHEN REMOTE JMX IS ENABLED" number="19668883"/>
        <bug description="COOKIE-CONFIG IN WEB.XML NOT BEING HONORED" number="18376812"/>
        <bug description="MAVEN PLUGIN FAILS TO EXECUTE GOAL UNDER PLUGIN COMPONENT" number="21746415"/>
        <bug description="WLS LACK PRIVILEGED BLOCK WHILE CONNECTING TO SERVER DURING SESSION REPLICATION" number="20333386"/>
        <bug description="NIOSOCKETMUXER SET INTERESTOPS TAKES LONGER WITH MORE THAN 1 READER THREAD" number="20720853"/>
        <bug description="Fix for Bug 22498352" number="22498352"/>
        <bug description="Fix for Bug 14236278" number="14236278"/>
        <bug description="NPE AFTER APPLYING THE PSU 12.1.2.0.5" number="21081720"/>
        <bug description="HIGH CPU USAGE IN DEPLOYING EJB TO WLS12.1.3" number="20585084"/>
        <bug description="WEBLOGIC HTTP SESSIONS NOT CLEARED AFTER MAX INACTIVE INTERVAL WITH WEBSOCKET" number="21522926"/>
        <bug description="Fix for Bug 23099318" number="23099318"/>
        <bug description="CHANGE THE DEFAULT FOR RESTORING VERSION RECORD" number="22910817"/>
        <bug description="STRESS REGRESSION NPE IN SERVLETRESPONSEIMPL.SETSESSIONCOOKIE IN XA STRESS TEST" number="23063611"/>
        <bug description="LOST HTTP RESPONSE DUE TO SOCKETTIMEOUTEXCEPTION" number="19472793"/>
        <bug description="ELF HEADER OF ACCESS.LOG DOESN'T BE OUTPUT AFTER LOG ROTATION" number="20692185"/>
        <bug description="STRESS SOA- EDN-WLJMS ASSERTIONERROR WHEN CREATING SHARED DURABLE SUB CONSUMER" number="22749253"/>
        <bug description="ILLEGALSTATEEXCEPTION  NO CLIENT WITH IDENTITY REPRODUCES ON 12.2.1" number="22107941"/>
        <bug description="WLS FIX DELIVERY BUG FOR CIE FIX IN 24400327" number="24802574"/>
        <bug description="REGRESSION IN DEPLOYMENT UPLOAD APPLICATION CASE" number="19175526"/>
        <bug description="OCT 2016 PSU WEBLOGIC PATCH BREAKS APPLICATION RELATED TO MULTIPART FORM DATA" number="25029531"/>
        <bug description="CDI INTERCEPTORS ARE CALLED TWICE" number="21347054"/>
        <bug description="UNABLE TO CLEAR WLST OFFLINE ATTRIBUTES WHOSE TYPES ARE COLLECTIONS" number="25695948"/>
        <bug description="MDB DURABLE SUBSCRIBER WON'T RECONNECT AFTER MANUAL MIGRATION" number="18854885"/>
        <bug description="UNABLE TO LOOKUP SERVERS WITH MONITOR USER AFTER APPLYING PATCH FROM 22860104" number="24469063"/>
        <bug description="Fix for Bug 25720769" number="25720769"/>
        <bug description="[WLS12.1.3] DEPLOY FAILS DUE TO INDEXOUTOFBOUNDEXCEPTION" number="22690676"/>
        <bug description="WLS PATCH SET UPDATE 12.1.3.0.171017 THROWING STRINGINDEXOUTOFBOUNDSEXCEPTION" number="26985581"/>
        <bug description="FIX THE CHANGE MADE FOR BUG 18859387" number="19730967"/>
        <bug description="UNABLE TO CONNECT TO JMS THROUGH JAVA APPLET (RDAY)" number="18727635"/>
        <bug description="SOA SERVER GOING TO SHUTDOWN STATE UPON FA DB OUTAGE" number="18305935"/>
        <bug description="EJBGEN HAS REFERENCES TO SUN.MIRROR.APT, WHICH GOES AWAY IN JDK8" number="18428696"/>
        <bug description="NPE THROWN BY CLUSTEREDEJBTIMERMANAGER" number="18722098"/>
        <bug description="NODEMANAGER DOES NOT HONOR 'MAX RESTARTS WITHIN INTERVAL'" number="19080525"/>
        <bug description="JMS THIN CLIENT NOT INCLUDING CLASS ADMINTOOLHELPER" number="19556868"/>
        <bug description="WLS 12.1.2 'SECONDS TO TRUST AN IDLE POOL CONNECTION' DOES NOT WORK" number="20266379"/>
        <bug description="DEPLOY FAILED ON JAVAEE6\JCA\STOCKTRANSACTION SAMPLES" number="19973098"/>
        <bug description="NOT POSSIBLE TO CONFIGURE WS-POLICY IN WLS 12.1.2" number="18082758"/>
        <bug description="IS THERE ANY ERROR MESSAGE WHEN REACHING WORKMANAGER MAX CAPACITY CONSTRAINT ?" number="19917893"/>
        <bug description="PERSISTENT FILE STORE COMMIT FAILED WHEN PARALLEL-XA-ENABLED DISABLED" number="19705162"/>
        <bug description="Fix for Bug 21069524" number="21069524"/>
        <bug description="CAN'T FIND WSDL AFTER DEPLOYING A WEBSERVICE WITH STATELESS EJB" number="20613957"/>
        <bug description="14.1.4 RESTART SERVICE JOB FAILED INTERMITTENTLY" number="18945422"/>
        <bug description="WLS LACK PRIVILEGED BLOCK WEBLOGIC.APPLICATION.IO.MERGEDDESCRIPTORFINDER" number="20229977"/>
        <bug description="Fix for Bug 22175246" number="22175246"/>
        <bug description="[MENTORING] JMS-NOTRAN-ADP ADAPTER LEAKS CONNECTIONS WHEN BRIDGING WITH MQ7" number="19467894"/>
        <bug description="MULTIPART/FORM-DATA PARAMETERS ARE NOT DECODED CORRECTLY DECODED" number="18144979"/>
        <bug description="[WLS 12.1.3] 'JSP_SERVLET' WAS DELETED." number="20226151"/>
        <bug description="12C SOAEDG EXCEPTION IS SOA SERVER LOGS SECURITYEXCEPTION  METHOD 'GETMIDDLEWARE" number="18559995"/>
        <bug description="FIX OF BUG21964759 IS NOT WORKING, ASSOCIATED TESTS ARE FAILING." number="23640078"/>
        <bug description="WHEN ACCESSING THE APPLICATION THROWING THE NULL POINTER EXCEPTION" number="22900750"/>
        <bug description="JDBC STORE METADATA RESTORATION OPTION AND HARDENING" number="22836462"/>
        <bug description="Fix for Bug 23099223" number="23099223"/>
        <bug description="ISSUE WITH STATIC FLASH RESOURCES ON WEBLOGIC 12.1.3" number="23342794"/>
        <bug description="ERROR SERVLET CANNOT ACCESS CLASSES FROM THE WEBAPP IT BELONGS" number="20430490"/>
        <bug description="Fix for Bug 26144830" number="26144830"/>
        <bug description="DISABLED SMTP NOTIFICATION CAUSES SERVER TO START IN ADMIN STATE" number="25590885"/>
        <bug description="TRACKING BUG TO INCLUDE THE REGRESSION FIX INTO THE 12.1.3 PSU" number="25955347"/>
        <bug description="JMS UNIT-OF-WORK NULLPOINTEREXCEPTION CREATING SEQUENCE NUMBER" number="22746640"/>
        <bug description="RANDOM MANAGED SERVERS SHOWING 'NOT REACHABLE' IN CONSOLE" number="25439226"/>
        <bug description="DEFAULT ERROR-PAGE FROM SERVLET 3.0 SPEC NOT WORKING" number="18276961"/>
        <bug description="EJB INJECTION VIA BASE CLASS DOES NOT WORK.  ILLEGALARGUMENTEXCEPTION IS THROWN." number="19533331"/>
        <bug description="WLS12 EAR IST NOT DEPLOYABLE IF JACC POLICY PROVIDER IS ACTIVE" number="18922324"/>
        <bug description="WEBLOGIC 10.3.6.0.9 - DEPLOYER ROLE DOES NOT HAVE PERMISSION TO INSTALL APPLICAT" number="19942900"/>
        <bug description="WLST STRIPS OFF THE LAST DIRECTORY IN THE PATH SPECIFIED FOR CREATING JMS FSTORE" number="18485034"/>
        <bug description="BUFFEREDREADER FAILS TO WHEN HTTP POST USES CHUNKED TRANSFER ENCODING" number="19339238"/>
        <bug description="INJECT NOT WORKING IN INTERCEPTOR CLASS WHICH INTERCEPT MDB" number="19500276"/>
        <bug description="SOME NMPROPERTIES CANNOT BE SET IN WLST OFFLINE" number="19234430"/>
        <bug description="TENANTSERVLETFILTER PREVENTING OWSM AUTHENTICATION POLICY ENFORCEMENT" number="20205647"/>
        <bug description="ADMINISTRATION PORT OVERRIDE ISSUE WITH DYNAMIC CLUSTER" number="19585666"/>
        <bug description="WLS RETURNS HTTP CODE 500 WHEN A DEPLOYMENT WITH JSF IS RE-ACTIVATED" number="20169972"/>
        <bug description="MS GOES TO ADMIN MODE DUE TO APP DEPLOY ERRORS IN MSI MODE" number="19917991"/>
        <bug description="Fix for Bug 20906638" number="20906638"/>
        <bug description="@POSTCONSTRUCT AND @PREDESTROY ARE IGNORED IN POJO JAX-WS WHEN CDI IS ENABLED" number="19828316"/>
        <bug description="NLS RGRN  LOCALE CHANGE NOT PROPERLY DETECTED" number="19879223"/>
        <bug description="NON BLOCKING IO WRITE THROW NULLPOINTEREXCEPTION" number="19212729"/>
        <bug description="Fix for Bug 22247869" number="22247869"/>
        <bug description="PROBLEM ADDING NEW LABEL NAME WHEN USING &amp;lt;WL-EXTENSION BUTTON-BAR&amp;gt;" number="20758488"/>
        <bug description="Fix for Bug 22200449" number="22200449"/>
        <bug description="Fix for Bug 22200491" number="22200491"/>
        <bug description="Fix for Bug 22200594" number="22200594"/>
        <bug description="MANAGED SERVER FAILS TO START IF ALL LLR ENABLED RAC DATA SOURCES IN MDS" number="20246732"/>
        <bug description="MANAGEMENTEXCEPTION THROWN AFTER SETTING CUSTOM CLUSTER CONFIGURATION FILE" number="19463153"/>
        <bug description="AGL CONNECTED TO AN UPPER CASE SERVICE FAN EVENTS ARE NOT PROCESSED" number="22249331"/>
        <bug description="INACTIVE CONNECTION TIMEOUT DOES NOT WORK IN WLS12.1.3" number="21964759"/>
        <bug description="PCS ADMIN SERVER - OOM ISSUE" number="22486599"/>
        <bug description="UNABLE TO LOGIN MONITOR ROLE USER AFTER RESTARTING THE ADMIN SERVER IN 12.1.3" number="22860104"/>
        <bug description="MEMORY LEAK IN WEBLOGIC.WSEE.JAXWS.OWSM.WSDLDEFINITIONFEATURE" number="21549018"/>
        <bug description="INCREASING CREATED THREADS WHEN A SQL  IS EXECUTED  FOR A LONG TIME" number="19150123"/>
        <bug description="Fix for Bug 24305841" number="24305841"/>
        <bug description="Fix for Bug 23103220" number="23103220"/>
        <bug description="TRACKING BUG TO CONSUME JRF WEBSERVICES FIXES FOR 22551755 INTO WLS PSUS" number="24750930"/>
        <bug description="INCORRECT MESSAGE ID FOR PROTOCOLEXCEPTION IN WEB CONTAINER" number="20717353"/>
        <bug description="INVALID REMOTE STUB ENTRIES CAUSING APPLICATION TO FAIL" number="18597348"/>
        <bug description="WLS CONNECTION.ISCLOSED() NOT TRANSPARENT" number="21562338"/>
        <bug description="JMS SERVICE MIGRATION FAILS-RECENT PATCH APPLIED - BUG 16812278" number="18387934"/>
        <bug description="GET STUCK THREAD AT CLUSTER.REPLICATION.REPLICATIONMANAGER" number="23304470"/>
        <bug description="Fix for Bug 19287842" number="19287842"/>
        <bug description="MDS DOES NOT USE DATASOUCE RE-STARTED MANUALLY" number="18589879"/>
        <bug description="Fix for Bug 19907066" number="19907066"/>
        <bug description="WEB SERVICES RUNNING ON WLS FAIL WHILE MAINTAINING SESSION" number="18718889"/>
        <bug description="WEBLOGIC.NET.HTTP.HTTPURLCONNECTION DOES NOT USE HTTP CHANNEL IP" number="18753794"/>
        <bug description="Fix for Bug 19988824" number="19988824"/>
        <bug description="FORWARD DELAY WON'T WORK AS EXPECTED" number="19265688"/>
        <bug description="SETTING MAX-OPEN-SOCK-COUNT REQUIRES ENTITY REBOOT" number="18289179"/>
        <bug description="APP DEPLOYMENT FOR CUSTOMER = IBK) TAKES MUCH TIME IN ANNOTATION SCAN" number="19883023"/>
        <bug description="Fix for Bug 21107126" number="21107126"/>
        <bug description="Fix for Bug 19576633" number="19576633"/>
        <bug description="TRIED ALL  '1' ADDRESSES, BUT COULD NOT CONNECT ... FROM CONSOLEHELP URL" number="20323632"/>
        <bug description="JAPANESE IS NOT USED IN SERVER LOG AND STANDARD OUT ON WLS 12.1.3" number="19351700"/>
        <bug description="CONFIGURATION FAILURE IN FA PREFLGHTS" number="21169554"/>
        <bug description="NULLPOINTEREXCEPTION OCCURS WHEN CREATECALENDARTIMER IS USED IN CLUSTER SETUP" number="19874466"/>
        <bug description="WEBLOGIC SERVER IS UNABLE TO START WITH EM APPLICATION" number="19703527"/>
        <bug description="NMSERVERSTATUS SOMETIMES OVERRIDES SERVERMONITOR STATEINFO" number="21252292"/>
        <bug description="Fix for Bug 21516492" number="21516492"/>
        <bug description="Fix for Bug 21615827" number="21615827"/>
        <bug description="Fix for Bug 22339918" number="22339918"/>
        <bug description="UNABLE TO OVERRIDE THE POLICY UNDER DOMAINRUNTIME MBEAN EVENTHOUGH" number="20786128"/>
        <bug description="DEPLOYMENT PLAN DOES NOT ALWAYS WORK FOR VIRTUAL DIR REPLACEMENT" number="20672949"/>
        <bug description="AUTO-ONS FOR WLS 12.1.[23] ONLY; UCP ERROR HANDLING FOR 10.3.6 AND LATER" number="20907322"/>
        <bug description="NPE IN AQJMSCONSUMER.RECEIVE RESULTS IN THREADS GETTING STUCK" number="22574362"/>
        <bug description="OPTIONALLY REDUCE JDBC STORE CONNECTION USAGE TO 1 PER STORE" number="21836275"/>
        <bug description="Fix for Bug 21519519" number="21519519"/>
        <bug description="MEMORY LEAK OBSERVED  WHEN USING WEBLOGIC DEPLOYMENT API" number="18123824"/>
        <bug description="UNICAST BROADCAST CHANNEL WITHIN DYNAMIC CLUSTER BREAKS SESSION REPLICATION" number="19775778"/>
        <bug description="WSDLREADERIMPL.READWSDL THROWS EXCEPTION FOR WSDL ENDPOINTS ENDING WITH /" number="22586217"/>
        <bug description="SETTING REQUEST CLASS TO NONE FROM CONSOLE DOES NOT WORK" number="21647599"/>
        <bug description="POOR JDBCSTORE PERF WHEN CONN CACHING POLICY == NONE" number="22550116"/>
        <bug description="INERNAL CDI HANDLING IS CALLED EVEN THOUGH A JSP DOESN'T RELATE CDI." number="22987229"/>
        <bug description="WEBLOGIC.NET.HTTP.HTTPSURLCONNECTION IGNORES TIMEOUT WHEN HANDSHAKING SSL OVER P" number="20157787"/>
        <bug description="403 ACCESSING UNPROTECTED EJB  INSUFFICIENT PERMISSION TO ACCESS EJB" number="21119215"/>
        <bug description="ERROR ORA-01017 WHILE TRYING TO CHANGE THE PASSWORD FOR DATA SOURCE" number="23326877"/>
        <bug description="TRACKING BUG FOR BACKPORT CIE BUG 25112723" number="25164167"/>
        <bug description="WLST CONNECT TO ADMIN SERVER TAKES TOO LONG" number="24341200"/>
        <bug description="Fix for Bug 25059150" number="25059150"/>
        <bug description="JDK1.8  CACL DOES NOT LOAD META-INF/SERVICES/* FROM LIBRARY IN WEB-INF/LIB" number="24837293"/>
        <bug description="BEA-101019  SERVLET FAILED WITH AN IOEXCEPTION. JAVA.IO.IOEXCEPTION  BROKEN PIPE" number="20774032"/>
        <bug description="WEB SERVICE APPLICATION DOES NOT START ON PARTIAL REDEPLOYMENT." number="25205507"/>
        <bug description="RE FIX THE ORIGINAL FIX  23342794 ;  - ISSUE WITH STATIC FLASH RESOURCES" number="26596622"/>
        <bug description="WLST CMO.GETMACHINES DOES NOT WORK IN WEBLOGIC 12.2.1.2.0" number="25917709"/>
        <bug description="Fix for Bug 26044754" number="26044754"/>
        <bug description="ICS OUTAGE - MANAGED SERVERS DOWN - NODEMANAGER FAILED TO RESTART WLS" number="26632886"/>
        <bug description="AC  WLS FCF CLEARS BORROWED CONNECTION LIST WHEN REPLAY DRIVER IS CONFIGURED" number="19033547"/>
        <bug description="RAC TX AFFINITY WITHOUT FAN" number="19459949"/>
        <bug description="JACC POLICYCONTEXT RESET BEFORE METHOD INVOCATION IN EJB AND SERVLET" number="18671042"/>
        <bug description="JAVA8 JDT GA MAY FAIL WITH JDK8 RUNTIME AND '-SOURCE' / '-TARGET' LESS THAN 1.8" number="18729264"/>
        <bug description="SAML PROVIDERS DO NOT WORK FOR SOAP OVER JMS" number="19170125"/>
        <bug description="SOAP OVER JMS WITH UNIFORM DISTRIBUTED TOPIC, DOESN'T WORK TO DURABLE SUBSCRIBER" number="20162146"/>
        <bug description="WLS 12.1.3.0.0 - WEBLOGIC ADMIN SERVER IS HUNG WHILE STARTUP" number="19852007"/>
        <bug description="ISSUE WITH JSP FILES CONTAINED IN JARS ON WEBLOGIC 12.1.2" number="19268444"/>
        <bug description="EJB ASYNCHRONOUS CALL THROWS EXCEPTION" number="19299358"/>
        <bug description="STRESS WLS EXCEPTION OCCURRED WHILE PROCESSING SERVLETREQUEST IN TPCW30 TESTCASE" number="19425078"/>
        <bug description="INTERMITTENT 500 ERRORS RESULTING FROM  ILLEGALSTATEEXCEPTION  HTTPSESSION IS IN" number="20062321"/>
        <bug description="THE DEPLOYMENT OF THE SECOND STAND-ALONE MULTI-DATASOURCE FAILS" number="21039390"/>
        <bug description="POLICYCONTEXT.GETCONTEXTID() RETURNS NULL WHEN INVOKED FROM A REMOTE CLIENT" number="21083766"/>
        <bug description="JAVA.LANG.ASSERTIONERROR DURING EJB'S  INJECTION INITILIZATION  WITH CDI" number="20197139"/>
        <bug description="NON-PERSISTENT CALENDAR-BASED TIMER IS CANCELED IF CALLBACK METHOD THROWS SYSTEM" number="19689036"/>
        <bug description="IT IS FAILED TO DEPLOY EJB APPLCIATION DUE TO J2EE 160092 RESOURCE CONFLICT" number="21545042"/>
        <bug description="WHEN POST-DATA'S SIZE IS OVER MAXPOSTSIZE, WLS RETURNS HTTP 413 BUT HANGS" number="21294990"/>
        <bug description="TRACKING BUG FOR BACKPORT OF BUG 21225777" number="21225816"/>
        <bug description="TIMER STOPS AFTER TIMERMASTER MIGRATION ERROR" number="22829635"/>
        <bug description="APPSTAGING MODE AND PLAN STAGING MODE SHOULD BE INDEPENDENT" number="22383225"/>
        <bug description="IT DOES NOT TIMEOUT BY RMI_TIMEOUT IN WLS 12.1.3" number="22850769"/>
        <bug description="CONCURRENTMODIFICATIONEXCEPTION WHILE ITERATIONS THROUGH RESULTS OF WORKMANAGER." number="19150684"/>
        <bug description="SERVICE MIGRATION GOES INTO A LOOP" number="18974055"/>
        <bug description="INTERM  APP TO UNEXPECTED STATE AFTER ADD/REMOVE VT FROM PARTITION DEFAULT VT" number="21189073"/>
        <bug description="HTTPCLUSTERSERVLET INCORRECTLY HANDLE EXCEPTIONS WHILE FLUSHING CHUNKED DATA TO" number="23555480"/>
        <bug description="NOCLASSDEFFOUNDERROR  COULD NOT INITIALIZE CLASS WEBLOGIC.UTILS.CLASSFILTER" number="22261241"/>
        <bug description="FACING ISSUE IN APPLICATION DEPLOYED IN WEBLOGIC" number="24399682"/>
        <bug description="WEBLOGIC ACCESS.LOG NOT UPDATED AFTER SUSPEND / RESUME MANAGED SERVER" number="19549507"/>
        <bug description="JASPIC   AFTER SUCCESSFUL LOGIN, REQUEST.GETUSERPRINCIPAL() RETURNS NULL" number="20207088"/>
        <bug description="ALLOW SERVER TO BOOT WITH ANY FAILURES WHILE OPENING THE DIAG STORE" number="21562704"/>
        <bug description="Fix for Bug 25577947" number="25577947"/>
        <bug description="DEADLOCK ON HACONNECTIONPOOL AFTER DB SWITCHOVER" number="24618043"/>
        <bug description="STRESS NPE IN ORG.JBOSS.WELD.BEAN.PROXY.UTIL.SERIALIZABLECLIENTPROXY.READRESOLVE" number="24376591"/>
        <bug description="STRESS SOA NOTIF GET OOM, LEAK AT WEBLOGIC.DIAGNOSTICS.WATCH.WATCHEVENTLISTENER" number="18746053"/>
        <bug description="PROGRAMMING CONTEXT PROPAGATION IS NOT WORKING WITH ASYNCHRONOUS EJB (3.1)" number="21270142"/>
        <bug description="RFA  Exploded GAR file deployment stops working after applying latest PSU" number="26038824"/>
        <bug description="Fix for Bug 19763916" number="19763916"/>
        <bug description="TRACKING BUG TO CONSUME JRF WEBSERVICES FIXES FOR 25990003 INTO WLS PSUS" number="27111664"/>
        <bug description="HTTP RESPONSE WRITE TIMEOUT FAILURE" number="19066738"/>
        <bug description="Fix for Bug 20206879" number="20206879"/>
        <bug description="DURABLE SUBSCRIBERS ARE NOT DELETED FOR DYNAMIC EJB MODULE" number="20080751"/>
        <bug description="Fix for Bug 20814890" number="20814890"/>
        <bug description="IMPACT 40+ MIN-  WEBLOGIC HANGS FOR 40 MINUTES WHEN STARTING UP" number="18836900"/>
        <bug description="ACTIVATING THE CHANGES TIMING OUT AND CHANGES NOT PUSHED TO MANAGED SERVER" number="19953516"/>
        <bug description="FILESTORE IS TREATED AS STRING IN WLST SCRIPT IF NAME CHANGED IN CONFIG WIZARD" number="20969389"/>
        <bug description="CREATE DOMAIN USING WLST PRODUCES INCORRECT JMSSERVER NAME IN 50% OF INVOCATIONS" number="19565095"/>
        <bug description="CUSTOM SECURITY DISAPPEARED AFTER EXTENDING THE WLS DOMAIN." number="20952475"/>
        <bug description="WLS FOR EACH DATASOURCE CREATING ONE PLUS CONNECTIONS DURING STARTUP." number="20721340"/>
        <bug description="AC  USING JTS DATASOURCE WITH AC DRIVER WLS DOESN'T RE-INITIALIZE CONN" number="19477196"/>
        <bug description="Fix for Bug 22200523" number="22200523"/>
        <bug description="WEBLOGIC 12C USES VIRTUAL IP-ADDR INSTEAD OF PRIMARY IP-ADDR FOR T3S" number="21129379"/>
        <bug description="PRODUCER RECEIVES INVALIDDESTINATIONEXCEPTION AFTER SAF AGENT MIGRATION." number="16815912"/>
        <bug description="ENTITY MANAGER FACTORY INJECTION IN SINGLETON EJB IS NOT WORKING" number="21603584"/>
        <bug description="REGRESSION   INTERCEPTORS NOT GET CALLED ON PARTITION RESTART AFTER ITS SHUTDOWN" number="20419243"/>
        <bug description="MAX-BEANS-IN-FREE-POOL NOT PICKED EVEN WHEN APPLIED 16180221" number="20080046"/>
        <bug description="STRESS-WLS- NPE FROM WEBLOGIC EJB CONTAINER" number="20311530"/>
        <bug description="HOSTNAME VERIFIER  NEED TO SUPPORT WILDCARDS IN THE SAN" number="20128089"/>
        <bug description="GOT NULLPOINTEREXCEPTION FOR DEPLOY WEB APPLICATION IN WEBLOGIC" number="20739167"/>
        <bug description="Fix for Bug 23107300" number="23107300"/>
        <bug description="WLS12.1.3.0 JASPIC  JAVA.LANG.ILLEGALSTATEEXCEPTION  HTTPSESSION IS INVALID" number="20736912"/>
        <bug description="EXCEPTION RESTARTING WLS AFTER DEPLOYING SHARED EE LIBRARIES" number="20193085"/>
        <bug description="DEADLOCK AROUND JAVA.LANG.CLASSLOADER.GETCLASSLOADINGLOCK" number="22901740"/>
        <bug description="WSEE.DEPLOY.APPDEPLOYMENTEXTENSIONFACTORY FAILS TO PREP MODULES (22804188)" number="22950801"/>
        <bug description="WLST DOES A LOOKUP OF URL AND PUTS IP IN HTTP HEADER HOST FIELD INSTEAD OF URI" number="22541225"/>
        <bug description="STRESS INTERMITTENT STORE HEALTH ISSUE IN XA STRESS TEST WHEN USING JDBC STORE" number="22378134"/>
        <bug description="JMX CONNECTION OVER IIOP BROKEN ON SRC103600FABP WITH JDK6/7" number="23735210"/>
        <bug description="WLS BUG FOR INCLUSION OF CIE BUG FIX  (FOLLOW-UP OF 24305841)" number="24522430"/>
        <bug description="Fix for Bug 23733891" number="23733891"/>
        <bug description="Fix for Bug 22836557" number="22836557"/>
        <bug description="Fix for Bug 23004029" number="23004029"/>
        <bug description="Fix for Bug 23223461" number="23223461"/>
        <bug description="TRACKING BUG FOR BACKPORT CIE BUG 22958691" number="25192229"/>
        <bug description="INCREASED MEMORY AND CPU CONSUMPTION" number="21158132"/>
        <bug description="WLS 10.3.5 (WITH ATG) OUT OF MEMORY WITH WEBLOGIC.LOGGING.LOGGINGOUTPUTSTREAM" number="16956849"/>
        <bug description="TRACKING BUG TO INCLUDE FIX OF CI REGRESSION (BUG 25496826) INTO THE 12.1.3 PSU" number="25497443"/>
        <bug description="WEBLOGIC CLUSTERING DOES NOT WORK USING IIOP PROTOCOL" number="25118289"/>
        <bug description="[MENTORING] SOCKET LEAKS WHEN JAXWS WSDL GET REQUEST HAS NETWORK RESET" number="21902034"/>
        <bug description="IMPROVE DOMAINRUNTIME.GETSERVERRUNTIME() PERFORMANCE" number="26589850"/>
        <bug description="TRACKING BUG FOR MISSING JMSMESSAGEPOLLER CLASS FROM PSU" number="26797049"/>
        <bug description="ISSUES IN VERIFYING THE FIX FOR THE BUG 26630389" number="26861216"/>
        <bug description="Fix for Bug 24818026" number="24818026"/>
        <bug description="Fix for Bug 26547016" number="26547016"/>
        <bug description="Fix for Bug 18968900" number="18968900"/>
        <bug description="Fix for Bug 18859387" number="18859387"/>
        <bug description="Fix for Bug 19287874" number="19287874"/>
        <bug description="WLS SERVER HEALTH ISSUE IN PROVISIONING STARTUP PHASE" number="20523619"/>
        <bug description="LIFECYCLESHUTDOWNSEQUENCETLOG IN DATABASE" number="18432174"/>
        <bug description="RA CALL TO ISDELIVERYTRANSACTED RAISES NOSUCHMETHODERROR FOR INHERITED METHOD" number="18481239"/>
        <bug description="JAVA.LANG.CLASSNOTFOUNDEXCEPTION WHEN LOOKING UP GENERIC EJB" number="18912482"/>
        <bug description="(MENTORING) @JMSTRANSPORTSERVICE IGNORES JNDIURL - ALWAYS USES LOCAL" number="17889922"/>
        <bug description="NOT ABLE TO TARGET A SUBDEPLOYMENT ONCE JMS RESOURCE HAS BEEN CREATED" number="18466848"/>
        <bug description="CDI INJECTED PRINCIPAL NOT UPDATED AFTER CALLING HTTPSERVLETREQUEST#AUTHENTICATE" number="19001915"/>
        <bug description="T3S CONNECTION FAILS TO JAVA SERVICE OPC DOMAINS USING WLTHINT3CLIENT" number="20758863"/>
        <bug description="KEY FILES CREATED IN .WLST DIRECTORY ARE DELETED AUTOMATICALLY" number="19928803"/>
        <bug description="AUTOKILLIFFAILED DOES NOT WORK WHEN SERVER HEALTH STATE IS FAILED" number="17702917"/>
        <bug description="REL10  ASYNC WEB SERVICE MDBS TO USE AQJMSCONSUMER.RECEIVENOWAIT" number="21561271"/>
        <bug description="CDI INJECTION INTO CONSTRAINTVALIDATOR IMPLS DOESN'T WORK" number="20087183"/>
        <bug description="AC  FCF THREAD THREW ORA-370 AT INSTANCE DOWN USING REPLAY DRIVER" number="19263075"/>
        <bug description="JSP COMPILE ERROR WHEN TAG FILE CONTAINS RECURSION" number="19986568"/>
        <bug description="UNABLE TO MAKE OUTBOUND SSL CALL PROXY OSB WHEN CONNECTION TIMEOUT IS SET" number="20044804"/>
        <bug description="Fix for Bug 22599178" number="22599178"/>
        <bug description="JAVA.LANG.ILLEGALARGUMENTEXCEPTION  INVALID EXACT PATTERN IN URLPATTERNLIST" number="22097019"/>
        <bug description="CDI IN EMBEDDED EJBCONTAINER NOT WORKING" number="20629733"/>
        <bug description="NULLPOINTEREXCEPTION DURING CREATE OSB DOMAIN AFTER APPLING PATCH 18974665" number="22540656"/>
        <bug description="SOAEDG12  WSMPM JDBC TRANSACTION LOG UNRECOVERABLE WITH RAC DB RESTART" number="21834255"/>
        <bug description="SESSION LEAK -  SESSIONS ARE NOT BEING DESTROYED AFTER SESSION TIMEOUT" number="18438079"/>
        <bug description="Fix for Bug 23732201" number="23732201"/>
        <bug description="GETTING JAVA.LANG.NULLPOINTEREXCEPTION IN WEBLOGIC 12.1.3.6 AIX" number="25317743"/>
        <bug description="OVERLAY PATCH 21119215 CAUSES ERROR DURING DEPLOYMENT WHEN USING JACC" number="26144926"/>
        <bug description="REMOVE UNUSED CA FROM DEMOTRUST.JKS" number="25534314"/>
        <bug description="Fix for Bug 24533963" number="24533963"/>
        <bug description="PRODUCTION MODE CHECK FOR DEMO TRUST NEEDS LOOK FOR CURRENT DEMO CA CERTIFICATE" number="21652727"/>
        <bug description="SNI MISSING IN SSL HANDSHAKE WHEN DEPLOYMENT ON WLS IS ACTING AS A CLIENT." number="19926398"/>
        <bug description="MULTI DATA SOURCE FAILBACK/FAILOVER CALLBACK HANDLER ISSUES" number="21241854"/>
        <bug description="JMSSESSIONPOOL CLOSE DUE TO JMSSESSIONPOOLTESTER.ONEXCEPTION CALLED ON TXTIMEOUT" number="20047315"/>
        <bug description="Fix for Bug 25743005" number="25743005"/>
        <bug description="CAN NOT RESTART MANAGEDSERVER WHERE IIOP APPLICATION IS DEPLOYED" number="25174732"/>
        <bug description="COMMONDOMAIN WC_COLLABORATION=RUNNING,HEALTH_NULL" number="25750303"/>
        <bug description="CERTGEN FAILS WITH JDK8 CPU (180161, B04, B05, B06)" number="27117282"/>
        <bug description="UPG-20170919 GSI EBNN-TEST WC_SPACES FAILS TO COME UP CANNOT INSERT WC_PORTAL_PR" number="26835012"/>
        <bug description="JMX RESILIENCY IMPROVEMENTS (SERVER TO SERVER)" number="23049601"/>
        <bug description="Fix for Bug 18691894" number="18691894"/>
        <bug description="PSR PERF WLS 12.1.2 JDBC BENCHMARK DIDN'T WORK WITH DRCP" number="17012341"/>
        <bug description="ILLEGALSTATEEXCEPTION THROWN WHEN MIGRATING JMS" number="18964349"/>
        <bug description="JAVA.LANG.INDEXOUTOFBOUNDSEXCEPTION  INDEX  0, SIZE  0" number="17721032"/>
        <bug description="NPE WHEN CALLING WEBSERVICE WITH JMS TRANSPORT WITH QUEUE ON OTHER SERVER" number="18806464"/>
        <bug description="WEBLOGIC.APPMERGE DOES NOT MERGE DEPLOYMENT PLAN INTO PERSISTENCE.XML" number="16562029"/>
        <bug description="MENTORING CCE ON STORE&amp;amp;RETRIEVE HANDLE TO REMOTE INTERFACE IN HTTP SESSION" number="19422493"/>
        <bug description="WORK MANAGER NAME SHOWS (NO VALUE SPECIFIED) AFTER CREATION" number="19297004"/>
        <bug description="WEBLOGIC CLIENT TRYING FOR DIRECT CONNECTION WHEN PROXY SERVER IS NOT AVAILABLE" number="20798352"/>
        <bug description="FAILURE WHILE NOTIFYING AN OBSERVER OF CDI EVENT FROM MDB" number="20471785"/>
        <bug description="Fix for Bug 20985893" number="20985893"/>
        <bug description="CONCURRENTMODIFICATIONEXCEPTION IN MESSAGEDRIVENBEAN" number="19936917"/>
        <bug description="Fix for Bug 21756751" number="21756751"/>
        <bug description="TRACKING BUG FOR BACKPORT OF CIE BUG 19818619" number="19865550"/>
        <bug description="Fix for Bug 21495475" number="21495475"/>
        <bug description="NEEDS PRIVILEGED BLOCK WHILE ACCESSCLASSINPACKAGE.COM.SUN.PROXY" number="19790693"/>
        <bug description="METHOD _JSPSERVICE EXCEEDS 65535 BYTES LIMIT" number="17968606"/>
        <bug description="PSR PERF PAAS OPTIONALLY REDUCE JDBC&amp;amp;TLOG STORE CACHED CONNS FROM 2 TO 0" number="21947902"/>
        <bug description="Fix for Bug 22248079" number="22248079"/>
        <bug description="Fix for Bug 22049932" number="22049932"/>
        <bug description="JMS NAMENOTFOUND EXCEPTIONS AFTER UPGRADING SOA EDG DOMAIN TO 12C" number="20432957"/>
        <bug description="SOA SERVER USING JDBC TLOG  GOING TO SHUTDOWN STATE UPON DB OUTAGE" number="22100830"/>
        <bug description="INJECT NOT WORKING IN INTERCEPTOR CLASS (EJB IS STATELESS, ITEM IS POJO)" number="20220959"/>
        <bug description="Fix for Bug 19947189" number="19947189"/>
        <bug description="NPE WHILE DEPLOYING APPLICATION ON WLS 12.1.3" number="20783846"/>
        <bug description="DEADLOCK BETWEEN TXINFO AND POOL" number="20551651"/>
        <bug description="HUGE CONTENTION DUE TO LACK OF NEGATIVE CACHING AND LOADING OF TRANSFORMERFACTOR" number="22999996"/>
        <bug description="Fix for Bug 22666897" number="22666897"/>
        <bug description="REGISTRYDOCUMENTBUILDERFACTORY DROPS PARSER FEATURES" number="20671165"/>
        <bug description="SNI NOT WORKING WITH WLS AS A CLIENT" number="22759067"/>
        <bug description="APPLICATION-SCOPED WORK MANAGER IN WEBLOGIC.XML IS NOT PICKED UP" number="20256190"/>
        <bug description="QUEUE FORWARDING FAILS TO WORK AND CONTINUES TO GET 'DESTINATION NOT FOUND' ERRO" number="19721047"/>
        <bug description="ISSUE IN BUG 16677093 RE-OCCURS" number="24828619"/>
        <bug description="STRESS WLS OUTOFMEMORYERROR IN TPCW30 TEST CASE" number="22083678"/>
        <bug description="Fix for Bug 24817968" number="24817968"/>
        <bug description="Fix for Bug 25743025" number="25743025"/>
        <bug description="Fix for Bug 25823774" number="25823774"/>
        <bug description="OOM SEEN DUE TO DUPLICATE WEBLOGIC.JMS.BACKEND.BACKEND OBJECTS" number="21748022"/>
        <bug description="[J2EE 160241]ERROR  THERE ARE ENVIRONMENT ENTRIES CONFLICT IN MODULE" number="25375968"/>
        <bug description="WS TEST CLIENT LINK REDIRECTION ISSUE UNDER PRODUCTION MODE" number="25522149"/>
        <bug description="A ERROR OCCUR IN IIOP APPLICATION AFTER PATCH 25174732 WAS APPLIED" number="25355394"/>
        <bug description="TRACKING BUG FOR BACKPORT CIE BUG 26144771" number="26563889"/>
    </base_bugs>
    <required_components>
        <component internal_name="oracle.wls.workshop.code.completion.support" opt_req="O" version="12.1.3.0.0"/>
        <component internal_name="oracle.css.mod" opt_req="O" version="12.1.3.0.0"/>
        <component internal_name="oracle.fmwconfig.common.shared" opt_req="O" version="12.1.3.0.0"/>
        <component internal_name="oracle.wls.common.nodemanager" opt_req="O" version="12.1.3.0.0"/>
        <component internal_name="oracle.wls.server.shared.with.core.engine" opt_req="O" version="12.1.3.0.0"/>
        <component internal_name="oracle.webservices.base" opt_req="O" version="12.1.3.0.0"/>
        <component internal_name="oracle.webservices.orawsdl" opt_req="O" version="12.1.3.0.0"/>
        <component internal_name="oracle.wls.shared.with.cam" opt_req="O" version="12.1.3.0.0"/>
        <component internal_name="oracle.wls.libraries.mod" opt_req="O" version="12.1.3.0.0"/>
        <component internal_name="oracle.wls.admin.console.en" opt_req="O" version="12.1.3.0.0"/>
        <component internal_name="oracle.wls.core.app.server" opt_req="O" version="12.1.3.0.0"/>
        <component internal_name="oracle.webservices.wls" opt_req="O" version="12.1.3.0.0"/>
        <component internal_name="oracle.wls.clients" opt_req="O" version="12.1.3.0.0"/>
        <component internal_name="oracle.wls.wlsportable.mod" opt_req="O" version="12.1.3.0.0"/>
        <component internal_name="oracle.fmwconfig.common.wls.shared" opt_req="O" version="12.1.3.0.0"/>
        <component internal_name="oracle.wls.libraries" opt_req="O" version="12.1.3.0.0"/>
    </required_components>
    <os_platforms>
        <platform id="0" name="Generic Platform 1"/>
    </os_platforms>
    <executables/>
    <instance_shutdown>true</instance_shutdown>
    <instance_shutdown_message/>
    <online_rac_installable>false</online_rac_installable>
    <run_as_root>false</run_as_root>
    <sql_migrate>false</sql_migrate>
    <wls_prereq_oneoffs/>
    <prereq_oneoffs/>
    <overlay_oneoffs/>
    <patch_type sub_type="update" value="singleton"/>
    <patch_language value="en"/>
    <product_family value="fmw"/>
    <patching_model value="one-off"/>
    <auto>false</auto>
    <translatable>false</translatable>
</oneoff_inventory>
