<?xml version="1.0" encoding="UTF-8" standalone="yes"?>
<component-def xmlns="http://xmlns.oracle.com/cie/gdr/cpd" name="oracle.wls.core.app.server" version="12.2.1.2.0" description="Oracle WebLogic Core Application Server" gdr-version="1.8.0.0" groupId="com.oracle.weblogic" xmlns:ns2="http://xmlns.oracle.com/cie/stringsubs">
  <file-map symbol="wls.server.symbol" source="filegroup1.jar" expanded="true" compacted="true" patch="21757511">
    <exclude regex="\.ade_path" match-dirs="true"/>
    <file source="modules/features/weblogic.idcs.modules.jar" dest="modules/features/weblogic.idcs.modules.jar" mode="640" action="replacement"/>
    <file source="modules/weblogic-L10N_ja.jar" dest="modules/weblogic-L10N_ja.jar" mode="640" action="replacement"/>
    <file source="plugins/jdeveloper/libraries/WebLogic_12.1_Remote_Client.exports" dest="plugins/jdeveloper/libraries/WebLogic_12.1_Remote_Client.exports" mode="640" action="replacement"/>
    <file source="plugins/jdeveloper/libraries/JAX-RS_Jersey_2.x.exports" dest="plugins/jdeveloper/libraries/JAX-RS_Jersey_2.x.exports" mode="640" action="replacement"/>
    <file source="plugins/maven/com/oracle/weblogic/weblogic-maven-plugin/12.2.1/weblogic-maven-plugin-12.2.1.pom" dest="plugins/maven/com/oracle/weblogic/weblogic-maven-plugin/12.2.1/weblogic-maven-plugin-12.2.1.pom" mode="640" action="replacement"/>
    <file source="server/lib/mbeantypes/OracleIdentityCloudIntegratorProviders.jar" dest="server/lib/mbeantypes/OracleIdentityCloudIntegratorProviders.jar" mode="640" action="replacement"/>
    <file source="server/lib/DefaultAuthorizerInit.ldift" dest="server/lib/DefaultAuthorizerInit.ldift" mode="640" action="replacement"/>
    <file source="server/lib/build-versions.properties" dest="server/lib/build-versions.properties" mode="640" action="replacement"/>
    <file source="server/lib/DefaultRoleMapperInit.ldift" dest="server/lib/DefaultRoleMapperInit.ldift" mode="640" action="replacement"/>
    <file source="server/lib/XACMLAuthorizerInit.ldift" dest="server/lib/XACMLAuthorizerInit.ldift" mode="640" action="replacement"/>
    <file-perms>
      <permission mode="750" regex=".*" match-dirs="true"/>
    </file-perms>
  </file-map>
  <file-map symbol="wls.common.symbol" source="filegroup2.jar" expanded="true" compacted="true" patch="21757511">
    <exclude regex="\.ade_path" match-dirs="true"/>
    <file source="modules/com.nimbusds.oauth2-oidc-sdk.jar" dest="modules/com.nimbusds.oauth2-oidc-sdk.jar" mode="640" action="replacement"/>
    <file source="modules/org.apache.commons.commons-lang3.jar" dest="modules/org.apache.commons.commons-lang3.jar" mode="640" action="replacement"/>
    <file source="modules/com.nimbusds.lang-tag.jar" dest="modules/com.nimbusds.lang-tag.jar" mode="640" action="replacement"/>
    <file source="modules/org.apache.commons.commons-collections4.jar" dest="modules/org.apache.commons.commons-collections4.jar" mode="640" action="replacement"/>
    <file-perms>
      <permission mode="750" regex=".*" match-dirs="true"/>
    </file-perms>
  </file-map>
  <artifact-pom-overrides>
    <suppress-pom file="common/deployable-libraries/active-cache_1.0.jar" symbol="wls.server.symbol"/>
    <suppress-pom file="common/deployable-libraries/jsf-1.2.war" symbol="wls.server.symbol"/>
    <suppress-pom file="common/deployable-libraries/jsf-2.0.war" symbol="wls.server.symbol"/>
    <suppress-pom file="common/deployable-libraries/jstl-1.2.war" symbol="wls.server.symbol"/>
    <suppress-pom file="common/deployable-libraries/weblogic-sca-1.2.war" symbol="wls.server.symbol"/>
    <suppress-pom file="common/deployable-libraries/jax-rs-2.0.war" symbol="wls.server.symbol"/>
    <suppress-pom file="common/templates/wls/wls.jar" symbol="wls.server.symbol"/>
    <suppress-pom file="common/templates/wls/wls_coherence_template.jar" symbol="wls.server.symbol"/>
    <suppress-pom file="common/templates/wls/wls_jrf.jar" symbol="wls.server.symbol"/>
    <suppress-pom file="common/templates/wls/wls_reconfig_12.2.1.jar" symbol="wls.server.symbol"/>
    <suppress-pom file="common/templates/wls/wls_reconfig_jrf_12.2.1.jar" symbol="wls.server.symbol"/>
    <suppress-pom file="common/templates/wls/wls_starter.jar" symbol="wls.server.symbol"/>
    <suppress-pom file="common/templates/wls/wls_starter_reconfig_12.2.1.jar" symbol="wls.server.symbol"/>
  </artifact-pom-overrides>
  <libraries/>
  <stringsubs>
    <ns2:group id="WlsHome">
      <ns2:file-entry name="$wls.server.symbol.path$/server/bin/uninstallSvc.cmd"/>
      <ns2:file-entry name="$wls.server.symbol.path$/server/bin/setWLSEnv.cmd"/>
      <ns2:file-entry name="$wls.server.symbol.path$/server/bin/installSvc.cmd"/>
      <ns2:file-entry name="$wls.server.symbol.path$/common/templates/scripts/wlst/basicWLSDomain.py"/>
      <ns2:file-entry name="$wls.server.symbol.path$/common/bin/wlsifconfig.cmd"/>
      <ns2:change-pair-ref name="WL_HOME"/>
      <ns2:change-pair-ref name="BAR_WL_HOME"/>
      <ns2:change-pair-ref name="POLICY_WL_HOME"/>
      <ns2:change-pair-ref name="BEAHOME"/>
    </ns2:group>
    <ns2:group id="WlsHomeForward" mode="forward">
      <ns2:file-entry name="$wls.server.symbol.path$/server/bin/setWLSEnv.sh"/>
      <ns2:file-entry name="$wls.server.symbol.path$/server/bin/eclipse.sh"/>
      <ns2:file-entry name="$wls.server.symbol.path$/server/lib/unix/nodemanager.sh"/>
      <ns2:file-entry name="$wls.server.symbol.path$/server/bin/startRSDaemon.sh"/>
      <ns2:file-entry name="$wls.server.symbol.path$/server/bin/stopRSDaemon.sh"/>
      <ns2:file-entry name="$wls.server.symbol.path$/common/bin/wlscontrol.sh"/>
      <ns2:file-entry name="$wls.server.symbol.path$/common/bin/wlsifconfig.sh"/>
      <ns2:change-pair-ref name="WL_HOME"/>
      <ns2:change-pair-ref name="BEAHOME"/>
      <ns2:change-pair-ref name="BAR_WL_HOME"/>
      <ns2:change-pair-ref name="POLICY_WL_HOME"/>
    </ns2:group>
    <ns2:change-pair id="WL_HOME" before="@WL_HOME" after="$wls.server.symbol.path$"/>
    <ns2:change-pair id="BAR_WL_HOME" before="@BAR_WL_HOME" after="$wls.server.symbol.path$"/>
    <ns2:change-pair id="POLICY_WL_HOME" before="@POLICY_WL_HOME" after="$wls.server.symbol.path$"/>
    <ns2:change-pair id="BEAHOME" before="@BEAHOME" after="$ORACLE_HOME$"/>
    <ns2:change-pair id="MAJOR" before="@MAJOR" after="12"/>
    <ns2:change-pair id="MINOR" before="@MINOR" after="2"/>
    <ns2:change-pair id="SERVICEPACK" before="@SERVICEPACK" after="1"/>
    <ns2:change-pair id="ROLLINGPATCH" before="@ROLLINGPATCH" after="2"/>
  </stringsubs>
</component-def>
