<?xml version="1.0" encoding="UTF-8" standalone="yes"?>
<component-def xmlns="http://xmlns.oracle.com/cie/gdr/cpd" name="oracle.wls.security.core.sharedlib" version="12.2.1.2.0" description="oracle.wls.security.core.sharedlib" gdr-version="1.8.0.0" groupId="com.oracle.weblogic" xmlns:ns2="http://xmlns.oracle.com/cie/stringsubs">
  <file-map symbol="wls.common.symbol" source="filegroup2.jar" expanded="true" compacted="true" patch="21757511">
    <exclude regex="\.ade_path" match-dirs="true"/>
    <file source="lib/schematypes/OracleIdentityCloudIntegratorProviders.schema.jar" dest="lib/schematypes/OracleIdentityCloudIntegratorProviders.schema.jar" mode="640" action="replacement"/>
    <file-perms>
      <permission mode="750" regex=".*" match-dirs="true"/>
    </file-perms>
  </file-map>
  <libraries/>
</component-def>
