<?xml version="1.0" encoding="UTF-8" standalone="yes"?>
<component-def name="oracle.wls.wlsportable.mod" version="12.1.3.0.0" description="Oracle WebLogic Portable Modules" gdr-version="1.1.0.0" xmlns:ns2="http://xmlns.oracle.com/cie/stringsubs" xmlns="http://xmlns.oracle.com/cie/gdr/cpd">
  <file-map symbol="wls.common.symbol" source="filegroup1.jar" expanded="true" compacted="true" patch="21927259">
    <exclude regex="\.ade_path" match-dirs="true"/>
    <directory dest="">
      <directory dest="modules" mode="750">
        <file size="581044" dest="com.bea.core.apache.commons.collections_1.0.0.0_3-2.jar" mode="640" action="replacement"/>
        <file size="38467" dest="weblogic.jaxrs.server_3.0.0.0.jar" mode="640" action="injection"/>
      </directory>
      <file-perms>
        <permission mode="640" regex=".*"/>
      </file-perms>
    </directory>
    <file-perms>
      <permission mode="750" regex=".*" match-dirs="true"/>
    </file-perms>
  </file-map>
  <libraries/>
</component-def>
