<?xml version="1.0" encoding="UTF-8" standalone="yes"?>
<component-def xmlns="http://xmlns.oracle.com/cie/gdr/cpd" name="oracle.wls.common.nodemanager" version="12.2.1.2.0" description="Modules for standalone NodeManager common to WebLogic and CAM" gdr-version="1.8.0.0" groupId="com.oracle.weblogic" xmlns:ns2="http://xmlns.oracle.com/cie/stringsubs">
  <file-map symbol="wls.common.cam.symbol" source="filegroup1.jar" expanded="true" compacted="true" patch="21757511">
    <exclude regex="\.ade_path" match-dirs="true"/>
    <file source="server/lib/DemoTrust.jks" dest="server/lib/DemoTrust.jks" mode="600" action="replacement"/>
    <file-perms>
      <permission mode="750" regex=".*" match-dirs="true"/>
    </file-perms>
  </file-map>
  <default-pom-override groupId="com.oracle.weblogic" artifactId="oracle.wls.common.nodemanager.component"/>
  <libraries/>
  <stringsubs>
    <ns2:group id="WlsHome">
      <ns2:file-entry name="$wls.common.cam.symbol.path$/server/bin/installNodeMgrSvc.cmd"/>
      <ns2:file-entry name="$wls.common.cam.symbol.path$/server/bin/uninstallNodeMgrSvc.cmd"/>
      <ns2:file-entry name="$wls.common.cam.symbol.path$/server/bin/startNodeManager.cmd"/>
      <ns2:file-entry name="$wls.common.cam.symbol.path$/server/bin/stopNodeManager.cmd"/>
      <ns2:change-pair-ref name="WL_HOME"/>
    </ns2:group>
    <ns2:group id="WlsHomeForward" mode="forward">
      <ns2:file-entry name="$wls.common.cam.symbol.path$/server/bin/startNodeManager.sh"/>
      <ns2:file-entry name="$wls.common.cam.symbol.path$/server/bin/stopNodeManager.sh"/>
      <ns2:change-pair-ref name="WL_HOME"/>
    </ns2:group>
    <ns2:change-pair id="WL_HOME" before="@WL_HOME" after="$wls.common.cam.symbol.path$"/>
  </stringsubs>
</component-def>
