<?xml version="1.0" encoding="UTF-8" standalone="yes"?>
<component-def name="oracle.wls.core.app.server" version="12.1.3.0.0" description="Oracle WebLogic Core Application Server" gdr-version="1.1.0.0" xmlns:ns2="http://xmlns.oracle.com/cie/stringsubs" xmlns="http://xmlns.oracle.com/cie/gdr/cpd">
  <file-map symbol="wls.server.symbol" source="filegroup1.jar" expanded="true" compacted="true" patch="21732679">
    <exclude regex="\.ade_path" match-dirs="true"/>
    <directory dest="">
      <directory dest="">
        <directory dest="plugins" mode="750">
          <directory dest="maven" mode="750">
            <directory dest="com" mode="750">
              <directory dest="oracle" mode="750">
                <directory dest="weblogic" mode="750">
                  <directory dest="weblogic-maven-plugin" mode="750">
                    <directory dest="12.1.3" mode="750">
                      <file size="193864" dest="weblogic-maven-plugin-12.1.3.jar" mode="640" action="replacement"/>
                    </directory>
                  </directory>
                </directory>
              </directory>
            </directory>
          </directory>
        </directory>
      </directory>
      <directory dest="server" mode="750">
        <directory dest="lib" mode="750">
          <file size="11220" dest="DefaultAuthorizerInit.ldift" mode="640" action="replacement"/>
          <file size="1740" dest="DefaultAuthorizerUpdate_90.ldift" mode="640" action="replacement"/>
          <file size="1396751" dest="wlw-langx.jar" mode="640" action="injection"/>
          <file size="80213" dest="XACMLAuthorizerInit.ldift" mode="640" action="replacement"/>
          <file size="8283" dest="XACMLAuthorizerUpdate_90.ldift" mode="640" action="replacement"/>
          <file size="140044" dest="jrmp.jar" mode="640" action="injection"/>
        </directory>
      </directory>
      <directory dest="common" mode="750">
        <directory dest="deployable-libraries" mode="750">
          <file size="34595" dest="jsf-1.2.war" mode="640" action="replacement"/>
          <file size="1117" dest="jsf-2.0.war" mode="640" action="replacement"/>
          <file size="37579" dest="jstl-1.2.war" mode="640" action="replacement"/>
        </directory>
      </directory>
      <directory dest="modules" mode="750">
        <file size="68711" dest="com.bea.core.apache.commons.fileupload_1.2.0.0_1-2-1.jar" mode="640" action="replacement"/>
        <file size="173730" dest="com.bea.core.apache.commons.io_1.2.0.0_1-4.jar" mode="640" action="replacement"/>
        <file size="2645650" dest="com.bea.core.apache.xalan_1.0.0.0_2-7-1.jar" mode="640" action="replacement"/>
        <file size="649035" dest="com.bea.core.ejbgen_4.0.0.0.jar" mode="640" action="injection"/>
        <file size="2242147" dest="com.bea.core.repackaged.jdt_1.0.0.0_3-10-0.jar" mode="640" action="replacement"/>
        <file size="82029" dest="com.bea.core.repackaged.springframework.pitchfork_2.2.0.0_1-0.jar" mode="640" action="injection"/>
        <file size="46728" dest="com.oracle.core.coherence.integration_4.0.0.0.jar" mode="640" action="injection"/>
        <file size="65412" dest="com.oracle.injection.provider.weld_2.1.0.0.jar" mode="640" action="injection"/>
        <file size="44703" dest="com.oracle.weblogic.rac.ucp_4.0.0.0.jar" mode="640" action="injection"/>
        <file size="2656637" dest="glassfish.jsf_2.0.0.0_2-1-20.jar" mode="640" action="replacement"/>
        <file size="441409" dest="glassfish.jstl_1.0.0.0_1-2-2-0.jar" mode="640" action="replacement"/>
      </directory>
      <file-perms>
        <permission mode="750" regex=".*\.bat"/>
        <permission mode="750" regex=".*\.cmd"/>
        <permission mode="750" regex=".*\.dll"/>
        <permission mode="750" regex=".*\.exe"/>
        <permission mode="750" regex=".*\.py"/>
        <permission mode="750" regex=".*\.sh"/>
        <permission mode="750" regex=".*\.so"/>
        <permission mode="750" regex=".*wlkeytool"/>
        <permission mode="750" regex=".*wlauth"/>
        <permission mode="750" regex=".*\.pl"/>
        <permission mode="750" regex=".*ant"/>
        <permission mode="750" regex=".*antRun"/>
        <permission mode="640" regex=".*"/>
      </file-perms>
    </directory>
    <file-perms>
      <permission mode="750" regex=".*" match-dirs="true"/>
    </file-perms>
  </file-map>
  <libraries/>
  <stringsubs>
    <ns2:group id="WlsHome">
      <ns2:file-entry name="$wls.server.symbol.path$/server/bin/startNodeManager.cmd"/>
      <ns2:file-entry name="$wls.server.symbol.path$/server/bin/stopNodeManager.cmd"/>
      <ns2:file-entry name="$wls.server.symbol.path$/server/bin/uninstallSvc.cmd"/>
      <ns2:file-entry name="$wls.server.symbol.path$/server/bin/setWLSEnv.cmd"/>
      <ns2:file-entry name="$wls.server.symbol.path$/server/bin/installSvc.cmd"/>
      <ns2:file-entry name="$wls.server.symbol.path$/common/templates/scripts/wlst/basicWLSDomain.py"/>
      <ns2:file-entry name="$wls.server.symbol.path$/common/bin/wlsifconfig.cmd"/>
      <ns2:change-pair-ref name="WL_HOME"/>
      <ns2:change-pair-ref name="BAR_WL_HOME"/>
      <ns2:change-pair-ref name="POLICY_WL_HOME"/>
      <ns2:change-pair-ref name="BEAHOME"/>
    </ns2:group>
    <ns2:group id="WlsHomeForward" mode="forward">
      <ns2:file-entry name="$wls.server.symbol.path$/server/bin/setWLSEnv.sh"/>
      <ns2:file-entry name="$wls.server.symbol.path$/server/bin/saveMemory.sh"/>
      <ns2:file-entry name="$wls.server.symbol.path$/server/bin/startNodeManager.sh"/>
      <ns2:file-entry name="$wls.server.symbol.path$/server/bin/stopNodeManager.sh"/>
      <ns2:file-entry name="$wls.server.symbol.path$/server/lib/unix/nodemanager.sh"/>
      <ns2:file-entry name="$wls.server.symbol.path$/server/bin/startRSDaemon.sh"/>
      <ns2:file-entry name="$wls.server.symbol.path$/server/bin/stopRSDaemon.sh"/>
      <ns2:file-entry name="$wls.server.symbol.path$/common/bin/wlscontrol.sh"/>
      <ns2:file-entry name="$wls.server.symbol.path$/common/bin/wlsifconfig.sh"/>
      <ns2:file-entry name="$wls.server.symbol.path$/common/templates/scripts/wlst/geo2Domain.py"/>
      <ns2:file-entry name="$wls.server.symbol.path$/common/templates/scripts/wlst/geo1Domain.py"/>
      <ns2:file-entry name="$wls.server.symbol.path$/common/templates/scripts/wlst/replicatedDomain.py"/>
      <ns2:file-entry name="$wls.server.symbol.path$/common/templates/scripts/wlst/basicWLSSDomain.py"/>
      <ns2:change-pair-ref name="WL_HOME"/>
      <ns2:change-pair-ref name="BAR_WL_HOME"/>
      <ns2:change-pair-ref name="POLICY_WL_HOME"/>
    </ns2:group>
    <ns2:change-pair id="WL_HOME" before="@WL_HOME" after="$wls.server.symbol.path$"/>
    <ns2:change-pair id="BAR_WL_HOME" before="@BAR_WL_HOME" after="$wls.server.symbol.path$"/>
    <ns2:change-pair id="POLICY_WL_HOME" before="@POLICY_WL_HOME" after="$wls.server.symbol.path$"/>
    <ns2:change-pair id="BEAHOME" before="@BEAHOME" after="$ORACLE_HOME$"/>
  </stringsubs>
</component-def>
