<?xml version="1.0" encoding="UTF-8" standalone="yes"?>

<!-- This is auto generated task definition file. Any changes to this file will be lost.-->

<task-definitions name="Oracle CIE Wizard Framework Built-In-Tasks" version="8.1.0.0" xmlns="http://xmlns.oracle.com/cie/wizard/task-defs">
    <taskdef name="reconfigDomain_gui" class="com.oracle.cie.wizard.domain.gui.tasks.ReconfigDomainGUITask" caching-policy="NONE">
        <property name="helpTopicKey" required="false" type="LITERAL"/>
    </taskdef>
    <taskdef name="stringSubsFileBuilder_gui" class="com.oracle.cie.wizard.domain.gui.tasks.StringSubsFileBuilderGUITask" caching-policy="NONE">
        <property name="helpTopicKey" required="false" type="LITERAL"/>
    </taskdef>
    <taskdef name="keystore_gui" class="com.oracle.cie.wizard.domain.gui.tasks.KeystoreGUITask" caching-policy="NONE">
        <property name="helpTopicKey" required="false" type="LITERAL"/>
    </taskdef>
    <taskdef name="templateInfoEntry_gui" class="com.oracle.cie.wizard.domain.gui.tasks.TemplateInfoEntryGUITask" caching-policy="NONE">
        <property name="helpTopicKey" required="false" type="LITERAL"/>
    </taskdef>
    <taskdef name="domainInfo_gui" class="com.oracle.cie.wizard.domain.gui.tasks.DomainInfoGUITask" caching-policy="NONE">
        <property name="helpTopicKey" required="false" type="LITERAL"/>
    </taskdef>
    <taskdef name="configurationType_gui" class="com.oracle.cie.wizard.domain.gui.tasks.ConfigurationTypeGUITask" caching-policy="NONE">
        <property name="hideProfile" required="false" type="BOOLEAN" default-value="false"/>
        <property name="helpTopicKey" required="false" type="LITERAL"/>
    </taskdef>
    <taskdef name="loadAllProductProperties" class="com.oracle.cie.wizard.domain.silent.tasks.LoadProductPropertiesTask" caching-policy="NONE"/>
    <taskdef name="distDest_gui" class="com.oracle.cie.wizard.domain.gui.tasks.DistributedDestinationGUITask" caching-policy="NONE">
        <property name="helpTopicKey" required="false" type="LITERAL"/>
    </taskdef>
    <taskdef name="templateBuilder_gui" class="com.oracle.cie.wizard.domain.gui.tasks.TemplateBuilderGUITask" caching-policy="NONE">
        <property name="helpTopicKey" required="false" type="LITERAL"/>
    </taskdef>
    <taskdef name="propertyFileFinder" class="com.oracle.cie.wizard.domain.silent.tasks.PropertiesFinderTask" caching-policy="NONE"/>
    <taskdef name="jdbcConfig_gui" class="com.oracle.cie.wizard.domain.gui.tasks.JDBCConfigGUITask" caching-policy="NONE">
        <property name="loadButtonText" required="false" type="RESOURCE_KEY"/>
        <property name="loadButtonToolTipText" required="false" type="RESOURCE_KEY"/>
        <property name="helpTopicKey" required="false" type="LITERAL"/>
    </taskdef>
    <taskdef name="domainBuilder_gui" class="com.oracle.cie.wizard.domain.gui.tasks.DomainBuilderGUITask" caching-policy="NONE">
        <property name="helpTopicKey" required="false" type="LITERAL"/>
    </taskdef>
    <taskdef name="startServer" class="com.oracle.cie.wizard.domain.silent.tasks.OneClickStartServerSilentTask" caching-policy="NONE"/>
    <taskdef name="domainFEHostCapture_gui" class="com.oracle.cie.wizard.domain.gui.tasks.DomainFEHostCaptureGUITask" caching-policy="NONE">
        <property name="helperClass" required="false" type="CLASS">
            <type-constraint value="com.oracle.cie.wizard.domain.helpers.FEHostCaptureHelper"/>
        </property>
        <property name="helpTopicKey" required="false" type="LITERAL"/>
    </taskdef>
    <taskdef name="runScript" class="com.oracle.cie.wizard.domain.silent.tasks.RunScriptTask" caching-policy="REUSE">
        <property name="logFile" required="false" type="RESOURCE_KEY"/>
        <property name="filename" required="false" type="LITERAL"/>
        <property name="domainDefKey" required="false" type="OBJECT_STORE_KEY"/>
        <property name="createdFilesKey" required="false" type="OBJECT_STORE_KEY"/>
        <property name="createdDomainDirsKey" required="false" type="OBJECT_STORE_KEY"/>
        <property name="errorIsFatal" required="false" type="BOOLEAN"/>
        <property name="uninstCompKey" required="false" type="OBJECT_STORE_KEY"/>
        <property name="execClasspath" required="false" type="RESOURCE_KEY"/>
    </taskdef>
    <taskdef name="testSvcTbl" class="com.oracle.cie.wizard.domain.silent.tasks.TestServiceTableSilentTask" caching-policy="NONE"/>
    <taskdef name="nodeManager_gui" class="com.oracle.cie.wizard.domain.gui.tasks.NodeManagerGUITask" caching-policy="NONE">
        <property name="helpTopicKey" required="false" type="LITERAL"/>
    </taskdef>
    <taskdef name="loadScripts" class="com.oracle.cie.wizard.domain.silent.tasks.LoadScriptFilesTask" caching-policy="NONE">
        <property name="storageKey" required="true" type="OBJECT_STORE_KEY"/>
        <property name="allOrNone" required="false" type="BOOLEAN"/>
    </taskdef>
    <taskdef name="oneClickInput_gui" class="com.oracle.cie.wizard.domain.gui.tasks.OneClickInputGUITask" caching-policy="NONE">
        <property name="helpTopicKey" required="false" type="LITERAL"/>
    </taskdef>
    <taskdef name="oneClickStart_s" class="com.oracle.cie.wizard.domain.silent.tasks.OneClickStartTask" caching-policy="REUSE"/>
    <taskdef name="domainEnv_gui" class="com.oracle.cie.wizard.domain.gui.tasks.DomainEnvironmentGUITask" caching-policy="NONE">
        <property name="hideDomainNode" required="false" type="BOOLEAN" default-value="false"/>
        <property name="helpTopicKey" required="false" type="LITERAL"/>
    </taskdef>
    <taskdef name="httpProxy_g" class="com.oracle.cie.wizard.domain.gui.tasks.CreateHTTPProxyApplicationGUITask" caching-policy="NONE">
        <property name="helpTopicKey" required="false" type="LITERAL"/>
    </taskdef>
    <taskdef name="oneclick_outcome_gui" class="com.oracle.cie.wizard.domain.gui.tasks.OneClickOutcomeGUITask" caching-policy="NONE">
        <property name="successTitle" required="false" type="RESOURCE_KEY"/>
        <property name="failureTitle" required="false" type="RESOURCE_KEY"/>
        <property name="partialSuccessTitle" required="false" type="RESOURCE_KEY"/>
        <property name="startServer" required="false" type="BOOLEAN" default-value="false"/>
        <property name="helpTopicKey" required="false" type="LITERAL"/>
    </taskdef>
    <taskdef name="migratableTarget_gui" class="com.oracle.cie.wizard.domain.gui.tasks.MigratableTargetsGUITask" caching-policy="NONE">
        <property name="helpTopicKey" required="false" type="LITERAL"/>
    </taskdef>
    <taskdef name="appBuilder_gui" class="com.oracle.cie.wizard.domain.gui.tasks.ApplicationBuilderGUITask" caching-policy="NONE">
        <property name="helpTopicKey" required="false" type="LITERAL"/>
    </taskdef>
    <taskdef name="keyStoreCredentialsInputGUI" class="com.oracle.cie.wizard.domain.gui.tasks.KeyStoreCredentialInputPageGUITask" caching-policy="NONE">
        <property name="keyStoreDefaultConfPwdLabelkey" required="false" type="RESOURCE_KEY"/>
        <property name="keyStoreDefaultPwdTxtFldkey" required="false" type="RESOURCE_KEY"/>
        <property name="keyStoreDefaultPwdLabelkey" required="false" type="RESOURCE_KEY"/>
        <property name="helpTopicKey" required="false" type="LITERAL"/>
    </taskdef>
    <taskdef name="jdbcGridLinkDatasourceConfiguration_gui" class="com.oracle.cie.wizard.domain.gui.tasks.JdbcGridLinkDatasourceConfigurationGUITask" caching-policy="NONE">
        <property name="configurationID" required="true" type="LITERAL"/>
        <property name="helpTopicKey" required="false" type="LITERAL"/>
    </taskdef>
</task-definitions>
