<?xml version="1.0" encoding="UTF-8"?>
<!DOCTYPE message_catalog PUBLIC "weblogic-message-catalog-dtd"  "http://www.bea.com/servers/wls810/dtd/msgcat.dtd">
<message_catalog
   i18n_package="weblogic.cluster"
   l10n_package="weblogic.cluster"
   subsystem="Cluster"
   version="1.0"
   baseid="003101"
   endid="003199"
   loggables="false"
   prefix="WL"
   >

   <!--  -->
   <logmessage
      messageid="003101"
      datelastchanged="1228945441703"
      datehash="-1050934837"
      severity="warning"
      method="logUpdatingNonDynamicPropertyOnAdminServer(String propertyName)"
      stacktrace="false"
      >
      <messagebody>
         Modified non-dynamic {0} property on the Administration Server.
      </messagebody>
      <messagedetail>
         Updated non-dynamic {0} property on the Administration Server. Change will be made to config.xml but new value will not take effect till the server is rebooted. 
      </messagedetail>
      <cause>
       The non-dynamic {0} property  was updated while the server was in a running state.
      </cause>
      <action>
         Reboot the Administration Server so that the {0} property takes effect.
      </action>
   </logmessage>
   
   <logmessage
      messageid="003102"
      datelastchanged="1228945441703"
      datehash="-725742763"
      severity="error"
      method="logPostDeactivationScriptFailure(String script, String mt)"
      stacktrace="false"
      >
      <messagebody>
        There was a failure in the execution of the post script {0} while deactivating MigratableTarget {1}. Since post script failure is marked as fatal, the MigratableTarget will not be automatically migrated. To enable automigration, fix the post script failure and manually migrate the failed migratable target or disable the post script failure fatal flag.
      </messagebody>
      <messagedetail>
        There was a failure in the execution of the post script {0} while deactivating MigratableTarget {1}. Since post script failure is marked as fatal, the MigratableTarget will not be automatically migrated. To enable automigration, fix the post script failure and manually migrate the failed migratable target or disable the post script failure fatal flag.       
      </messagedetail>
      <cause>
		    The execution ofthe  post deactivation script failed.
      </cause>
      <action>
         Fix the post deactivation script and migrate the MigratableTarget manually.
      </action>
   </logmessage>
   
   <logmessage
      messageid="003103"
      datelastchanged="1228945441703"
      datehash="-1294365297"
      severity="error"
      method="logReleaseLeaseError(String target, Exception e)"
      >
      <messagebody>
        {0} failed to release its lease because of {1}. This may affect its automatic migration behavior.
      </messagebody>
      <messagedetail>
        {0} failed to release its lease because of {1}. This may affect its automatic migration behavior.
      </messagedetail>
      <cause>
        An exception occurred: {1}.
      </cause>
      <action>
       If a database is being used for leasing, ensure that it is available. 
      </action>
   </logmessage>   
   
   <logmessage
      messageid="003104"
      datelastchanged="1228945441703"
      datehash="-1961047979"
      severity="error"
      method="logFailedToNotifyPostScriptFailureToStateManager(String target, String postScript, Exception e)"
      >
      <messagebody>
        Failed to notify the execution failure of the post script {1} for {0} to the SingletonServiceStateManager because of {2}. This may affect its automatic migration behavior.
      </messagebody>
      <messagedetail>
        Failed to notify the execution failure of the post script {1} for {0} to the SingletonServiceStateManager because of {2}. This may affect its automatic migration behavior.        
      </messagedetail>
      <cause>
        An exception occurred: {2}.
      </cause>
      <action>
        Ensure  that the network is working properly.
      </action>
   </logmessage>      

   <logmessage
      messageid="003105"
      datelastchanged="1228945441703"
      datehash="612258521"
      severity="warning"
      method="logAsyncReplicationRequestTimeout (String id)"
      stacktrace="false"
      >
      <messagebody>
         The asynchronous replication request timed out while attempting to add object {0} to the replication queue.  This session has not been replicated to any backup at this point.
      </messagebody>
    <messagedetail>
      The asynchronous replication request timed out while attempting to add object {0} to the replication queue.  Once full, the queue waits until it has space for the object.  This wait took longer than the ClusterMBean specified AsyncSessionQueueTimeout, thus the session object was not put into the queue and will not be replicated at this time.  
      </messagedetail>
      <cause>
      The asynchronous replication request timed out while attempting to add object {0} to the replication queue.  Once full, the queue waits until it has space for the object.  This wait took longer than the ClusterMBean specified AsyncSessionQueueTimeout, thus the session object was not put into the queue and will not be replicated at this time.  
      </cause>
      <action>
      This could be due to the secondary server or persistent store slowing down the replication process.  To better handle this, the SessionFlushInterval and the SessionFlushThreshold can be reduced to replicate less at a time and to replicate more often. Checking the performance of the secondary server or persistent store is advised.
      </action>
   </logmessage>

   <logmessage
      messageid="003106"
      datelastchanged="1045793782672"
      datehash="211505647"
      severity="warning"
      method="logUnexpectedExceptionDuringReplication(Throwable t)"
      stacktrace="false"
      >
      <messagebody>
      An unexpected exception occured during replication: {0}. Future session updates should replicate as expected.
      </messagebody>
      <messagedetail>
      An unexpected exception occured during replication: {0}. Future session updates should replicate as expected.
      </messagedetail>
      <cause>
      An unexpected runtime exception occured during replication probably from the Remote Management Interface (RMI) stub. Future session updates should replicate as expected.
      </cause>
      <action>
        Ensure that no problems exist in the network. If the problem persists, contact My Oracle Support. with the stack trace for further analysis.
      </action>
   </logmessage>
   
   <logmessage
      messageid="003107"
      datelastchanged="1228945441703"
      datehash="-2121147373"
      severity="info"
      method="logLostUnicastMessages(long numMessages)"
      stacktrace="false"
      >
      <messagebody>
         Lost {0} unicast message(s).
      </messagebody>
      <messagedetail>
         Server failed to receive {0} messages.
      </messagedetail>
      <cause>
         This is an informational message. When a server joins a stable cluster, this message will appear since the server did not receive unicast messages sent out by other servers in the cluster.
      </cause>
      <action>
         No action is required.
      </action>
   </logmessage>
   
   <logmessage
      messageid="003108"      
      datelastchanged="1228945441703"
      datehash="-1126331535"
      severity="error"
      method="logUnicastReceiveError (Throwable e)"
      >
      <messagebody>
         Unicast receive error : {0}
      </messagebody>
      <messagedetail>
         An error occurred while trying to receive a message over the cluster broadcast.
      </messagedetail>
      <cause>
         An error occurred while trying to receive a message over the cluster broadcast.
      </cause>
      <action>
         Ensure that the NIC is functioning properly. If it appears that no environment problems exist, contact My Oracle Support and provide the stack trace for further analysis.
      </action>
   </logmessage>
   
   <logmessage
      messageid="003109"      
      datelastchanged="1228945441703"
      datehash="2130423349"
      severity="error"
      method="logDataSourceForDatabaseLeasingNotSet(String cluster)"
      >
      <messagebody>
         Cluster {0} uses a database as the migration basis but no data source for migration has been configured.
      </messagebody>
      <messagedetail>
         Cluster {0} uses a database as the migration basis but no data source for migration has been configured.
      </messagedetail>
      <cause>
         Cluster {0} uses a database as the migration basis but no data source for migration has been configured.
      </cause>
      <action>
        Ensure that the data source is created and set for database migration basis.
      </action>
   </logmessage>

   <!--  -->
   <logmessage
      messageid="003110"
      datelastchanged="1228945441578"
      datehash="-1641358869"
      severity="warning"
      method="logConnectionRejectedProtocol(String channel, String protocol)"
      stacktrace="false"
      >
      <messagebody>
         Connection attempt was rejected because the incoming protocol {1} is not enabled on channel {0}.
      </messagebody>
      <messagedetail>
         The connection attempt was rejected because the {1} protocol is not enabled on this channel or listen address.
      </messagedetail>
      <cause>
         The connection attempt was rejected because the {1} protocol is not enabled at all for this server, as determined by the ServerMBean, or is not enabled on this particular channel.
      </cause>
      <action>
         Enable the {1} protocol on the channel.
      </action>
   </logmessage>

  <logmessage
      messageid="003111"
      severity="error"
      method="logNoChannelForReplicationCalls(String clusterName)"
      >
      <messagebody>
        No channel exists for replication calls for cluster {0}
      </messagebody>
      <messagedetail>
        No channel exists for replication calls for cluster {0}
      </messagedetail>
      <cause>
        No channel exists for replication calls for cluster {0}
      </cause>
      <action>
        Configure the channels for replication calls.
      </action>
   </logmessage>

   <logmessage
      messageid="003112"
      severity="info"
      method="logUsingMultipleChannelsForReplication(String channelNames)"
      stacktrace="false"
      >
      <messagebody>
         Channels &quot;{0}&quot; configured for replication traffic.
      </messagebody>
      <messagedetail>
         Multiple replication channels are configured which will be used to send secondary update / remove calls.
      </messagedetail>
      <cause>
         This is an informational message.
      </cause>
      <action>
         No action is required.
      </action>
   </logmessage>

   <logmessage
      messageid="003113"
      severity="info"
      method="logUsingOneWayRMIForReplication()"
      stacktrace="false"
      >
      <messagebody>
         Using one-way RMI for replication
      </messagebody>
      <messagedetail>
         The server is configured to use one way RMI calls for updating and removing calls made to secondary servers. These calls will return immediately without waiting for any response.
      </messagedetail>
      <cause>
         This is an informational message.
      </cause>
      <action>
         No action is required.
      </action>
   </logmessage>

   <logmessage
      messageid="003114"
      severity="notice"
      method="logIgnoringOneWayRMIWithoutMultipleChannels()"
      stacktrace="false"
      >
      <messagebody>
         Ignoring one-way RMI calls for replication because multiple replication channels are not present.
      </messagebody>
      <messagedetail>
         One-way RMI calls for replication only work with multiple replication channels.
      </messagedetail>
      <cause>
        This is an informational message. 
      </cause>
      <action>
         No action is required.
      </action>
   </logmessage>

   <logmessage
      messageid="003115"
      severity="error"
      method="logOutOfOrderUpdateOneWayRequest()"
      stacktrace="false"
      >
      <messagebody>
         Failed to synchronize a secondary session due to missing updates.
      </messagebody>
      <messagedetail>
         The server is configured to use one-way RMI calls for update calls. Due to an error condition, some updates could not be applied and hence there are stale sessions on the secondary.
      </messagedetail>
      <cause>
        The Work Manager queue might be full and as a result update messages were dropped.
      </cause>
      <action>
         Either increase the number of servers in the cluster (preferred) or add more replication channels (requires server re-start).
      </action>
   </logmessage>
    <logmessage
      messageid="003116"
      severity="info"
      method="logStartingMemberDeathDetector()"
      stacktrace="false"
      >
      <messagebody>
         Starting Member Death Detector.
      </messagebody>
      <messagedetail>
         This server will send periodic hearbeats to the other migratable servers in the cluster.
      </messagedetail>
      <cause>
         None.
      </cause>
      <action>
         None.
      </action>
   </logmessage>
    
    <logmessage
      messageid="003117"
      severity="info"
      method="logStartingMemberDeathDetectorReceiver()"
      stacktrace="false"
      >
      <messagebody>
         Starting Member Death Detector Heartbeat Receiver.
      </messagebody>
      <messagedetail>
         This server will monitor death detection hearbeats from Cluster Master.
      </messagedetail>
      <cause>
         None.
      </cause>
      <action>
         None.
      </action>
   </logmessage>
    
    <logmessage
      messageid="003118"
      severity="warning"
      method="logServerWithNoMachineConfigured(String serverName)"
      stacktrace="false"
      >
      <messagebody>
         WLS Server &quot;{0}&quot; does not have an associated machine configured. Member Death Detector will not be enabled for this server.
      </messagebody>
      <messagedetail>
         Each WLS managed server in the cluster must be associated with a machine in order to use Member Death Detector.
      </messagedetail>
      <cause>
         No associated machine configured with the server.
      </cause>
      <action>
         Please associate a machine with this server.
      </action>
   </logmessage>
   
       <!-- singleton service registration message -->
  <logmessage
     messageid="003119"
     severity="info"
     method="logRegisteredSingletonServiceNoActivation(String serviceName)"
     stacktrace="false"
     >
     <messagebody>
       The singleton service {0} is now registered on this server but will not be activated because this server is not part of a cluster.
     </messagebody>
     <messagedetail>
       The singleton service {0} is now registered on this server. This server will never be a candidate to host this service because it is not configured to be part of a cluster.
     </messagedetail>
     <cause>
        This is an informational message.
     </cause>
     <action>
       No action is required.
     </action>
  </logmessage>

  <logmessage
     messageid="003120"
     severity="warning"
     method="logFailedToResolveHostname(String hostName)"
     stacktrace="false"
     >
     <messagebody>
        hostname {0} is failed to resolve in cluster initialization
     </messagebody>
     <messagedetail>
        hostname {0} is failed to resolve by name service in cluster initialization.
     </messagedetail>
     <cause>
        name service like DNS is unavailable or unstable.
     </cause>
     <action>
        Please check name service configuration or name service availability.
     </action>
  </logmessage>

  <logmessage
     messageid="003121"
     severity="warning"
     method="logMissingListenAddress(String hostName)"
     stacktrace="false"
     >
     <messagebody>
        Unicast cluster may not function correctly as the listen address of server {0} is not specified.
     </messagebody>
     <messagedetail>
        Unicast cluster may not function correctly if Managed Servers are running on different machines, as the listen address of server {0} is not specified. Without a listen address, Managed Servers will not be able to establish a connection with each other.
     </messagedetail>
     <cause>
        The listen address of the Managed Server is not specified.
     </cause>
     <action>
        Set the listen address of the Managed Servers.
     </action>
  </logmessage>

  <logmessage
      messageid="003122"
      severity="error"
      method="logFailedToExecutePingSQL(String errorMessage)"
      stacktrace="false"
      >
      <messagebody>
        {0} : A cluster that has migratable servers could not create/execute SQL statement 
        when validating the database connection. The cluster is misconfigured. Check 
        the leasing table on the database and connection configuration.
      </messagebody>
      <messagedetail>
        {0} : A cluster that has migratable servers could not create/execute SQL statement 
        when validating the database connection. The cluster is misconfigured. Check 
        the leasing table on the database and connection configuration.
      </messagedetail>
      <cause>
        The cluster is misconfigured.
      </cause>
      <action>
        Check the leasing table on the database and connection configuration.
      </action>
   </logmessage>

  <logmessage
     messageid="003123"
     severity="info"
     method="logFailedLeaseIsFound(String serviceName)"
     stacktrace="false"
     >
     <messagebody>
       Singleton Monitor detects the singleton service {0} is in failed state.
     </messagebody>
     <messagedetail>
       Singleton Monitor detects the singleton service {0} is in failed state.
     </messagedetail>
     <cause>
        This is an informational message.
     </cause>
     <action>
       No action is required.
     </action>
  </logmessage>

  <logmessage
     messageid="003124"
     severity="info"
     method="logExpiredLeaseIsFound(String serviceName)"
     stacktrace="false"
     >
     <messagebody>
       Singleton Monitor detects the singleton service {0} is expired status.
     </messagebody>
     <messagedetail>
       Singleton Monitor detects the singleton service {0} is expired status.
     </messagedetail>
     <cause>
        This is an informational message.
     </cause>
     <action>
       No action is required.
     </action>
  </logmessage>

  <logmessage
     messageid="003125"
     severity="info"
     method="logNoLeaseIsFound(String serviceName)"
     stacktrace="false"
     >
     <messagebody>
       Singleton Monitor detects the singleton service {0} that has no lease.
     </messagebody>
     <messagedetail>
       Singleton Monitor detects the singleton service {0} that has no lease.
     </messagedetail>
     <cause>
        This is an informational message.
     </cause>
     <action>
       No action is required.
     </action>
  </logmessage>

  <logmessage
     messageid="003126"
     severity="info"
     method="logStartAutoMigration(String serviceName)"
     stacktrace="false"
     >
     <messagebody>
       {0} will attempt to auto-migrate.
     </messagebody>
     <messagedetail>
       {0} will attempt to auto-migrate.
     </messagedetail>
     <cause>
        This is an informational message.
     </cause>
     <action>
       No action is required.
     </action>
  </logmessage>

  <logmessage
     messageid="003127"
     severity="info"
     method="logRestartInPlaceStarted(String serviceName, String currentLocation)"
     stacktrace="false"
     >
     <messagebody>
       {0} will attempt to restart in place on server {1}.
     </messagebody>
     <messagedetail>
       {0} will attempt to restart in place on server {1}.
     </messagedetail>
     <cause>
        This is an informational message.
     </cause>
     <action>
       No action is required.
     </action>
  </logmessage>

  <logmessage
     messageid="003128"
     severity="info"
     method="logRestartInPlaceCompleted(String serviceName)"
     stacktrace="false"
     >
     <messagebody>
       {0} has been completed to restart in place.
     </messagebody>
     <messagedetail>
       {0} has been completed to restart in place.
     </messagedetail>
     <cause>
        This is an informational message.
     </cause>
     <action>
       No action is required.
     </action>
  </logmessage>

  <logmessage
     messageid="003129"
     severity="info"
     method="logAutoMigrationStarted(String serviceName, String source, String target)"
     stacktrace="false"
     >
     <messagebody>
       {0} will attempt to auto-migrate from {1} to {2}.
     </messagebody>
     <messagedetail>
       {0} will attempt to auto-migrate from {1} to {2}.
     </messagedetail>
     <cause>
        This is an informational message.
     </cause>
     <action>
       No action is required.
     </action>
  </logmessage>

  <logmessage
     messageid="003130"
     severity="info"
     method="logAutoMigrationCompleted(String serviceName, String target)"
     stacktrace="false"
     >
     <messagebody>
       {0} successfully activated on server {1}.
     </messagebody>
     <messagedetail>
       {0} successfully activated on server {1}.
     </messagedetail>
     <cause>
        This is an informational message.
     </cause>
     <action>
       No action is required.
     </action>
  </logmessage>

</message_catalog>
