<?xml version="1.0" encoding="UTF-8"?>
<!DOCTYPE message_catalog PUBLIC "weblogic-message-catalog-dtd"  "http://www.bea.com/servers/wls710/dtd/msgcat.dtd">
<message_catalog
   i18n_package="weblogic.work"
   l10n_package="weblogic.work"
   subsystem="WorkManager"
   version="1.0"
   baseid="002900"
   endid="002999"
   loggables="false"
   prefix="WL"
   >
  
   <logmessage
      messageid="002900"
      severity="info"
      method="logInitializingSelfTuning()"
      stacktrace="false"
      >
      <messagebody>
         Initializing self-tuning thread pool.
      </messagebody>
      <messagedetail>
         Initializing self-tuning thread pool and creating internal Work Managers.
      </messagedetail>
      <cause>
         The server is starting.
      </cause>
      <action>
        No action is required.
      </action>
   </logmessage>
  
  <logmessage
     messageid="002901"
     severity="info"
     method="logCreatingWorkManagerService(String module, String app, String name)"
     stacktrace="false"
     >
     <messagebody>
        Creating Work Manager &quot;{2}&quot; for module &quot;{0}&quot; and application &quot;{1}&quot; 
     </messagebody>
     <messagedetail>
       Creating {1} Work Manager for application {0}
     </messagedetail>
     <cause>
        The application is being initialized.
     </cause>
     <action>
        No action is required.
     </action>
  </logmessage>
  
  <logmessage
     messageid="002902"
     severity="info"
     method="logCreatingExecuteQueueFromMBean(String name)"
     stacktrace="false"
     >
     <messagebody>
        Creating execute queue &quot;{0}&quot;. 
     </messagebody>
     <messagedetail>
       Creating {0} execute queue. 
     </messagedetail>
     <cause>
        The server is starting.
     </cause>
     <action>
        No action is required.
     </action>
  </logmessage>
  
  <logmessage
     messageid="002903"
     severity="info"
     method="logCreatingServiceFromMBean(String app, String name)"
     stacktrace="false"
     >
     <messagebody>
       Creating Work Manager from &quot;{1}&quot; WorkManagerMBean for application &quot;{0}&quot; 
     </messagebody>
     <messagedetail>
       Creating {1} Work Manager for application {0}     
     </messagedetail>
     <cause>
        The application is being initialized.
     </cause>
     <action>
        No action is required.
     </action>
  </logmessage>
  
  <logmessage
     messageid="002904"
     severity="notice"
     retired="true"
     method="logIncreasingThreads(int incr, int total)"
     stacktrace="false"
     >
     <messagebody>
       Adding {0} threads to the common thread pool. The thread count is now {1}. 
     </messagebody>
     <messagedetail>
       Adding {0} threads to the thread pool to prevent deadlocks or to increase performance 
     </messagedetail>
     <cause>
        The server needs to increase threads to improve performance or prevent deadlocks.
     </cause>
     <action>
        No action is required as the server auto tunes.
     </action>
  </logmessage>

  <logmessage
     messageid="002905"
     severity="notice"
     method="logDecreasingThreads(int incr)"
     stacktrace="false"
     >
     <messagebody>
       Removing {0} threads from the thread pool. 
     </messagebody>
     <messagedetail>
       Removing {0} threads from the thread pool as they are no longer needed. 
     </messagedetail>
     <cause>
        The server has realized that some threads are not needed to handle the present load.
     </cause>
     <action>
        No action is required as the server auto tunes.
     </action>
  </logmessage>
  
  <logmessage
     messageid="002906"
     severity="debug"
     retired="true"
     method="logHogger(String name, long elapsedTime, String currentWork, long hogThreshold)"
     stacktrace="false"
     >
     <messagebody>
       {0} has been busy for &quot;{1}&quot; seconds working on the request &quot;{2}&quot;, which is more than the max hog time of &quot;{3}&quot; seconds. 
     </messagebody>
     <messagedetail>
       It was found that a request was using a thread for much more time than other threads that completed
     </messagedetail>
     <cause>
       Either the requests execution has slowed or the thread is hung.
     </cause>
     <action>
       No action required. The server will backfill this thread with a new one. Configure StuckThreadMaxTime attribute to detect hung threads
     </action>
  </logmessage>
  
  <logmessage
     messageid="002907"
     severity="debug"
     retired="true"
     method="logThreadNoLongerHogs(String name)"
     stacktrace="false"
     >
     <messagebody>
       {0} has become available again to take new requests 
     </messagebody>
     <messagedetail>
       A previously hogging thread has become free to take new requests
     </messagedetail>
     <cause>
       A previously hogging thread has become free to take new requests
     </cause>
     <action>
       No action necessary
     </action>
  </logmessage>
  
  <logmessage
     messageid="002908"
     severity="critical"
     method="logRuntimeMBeanCreationError(String name, Throwable th)"
     stacktrace="true"
     >
     <messagebody>
       Unable to create runtime MBean for Work Manager {0}. {1} 
     </messagebody>
     <messagedetail>
       Fatal error while creating the runtime MBeans.
     </messagedetail>
     <cause>
       A fatal error occurred while creating the runtime MBeans.
     </cause>
     <action>
       Contact My Oracle Support with the server logs.
     </action>
  </logmessage>

  <logmessage
     messageid="002909"
     severity="debug"
     method="logDebug(String name)"
     >
     <messagebody>
       {0}
     </messagebody>
     <messagedetail>
       debug
     </messagedetail>
     <cause>
       debug
     </cause>
     <action>
       no action
     </action>
  </logmessage>
  
  <logmessage
     messageid="002910"
     severity="info"
     retired="true"
     method="logIncreasingThreadsForWM(String wm, int incr, int total)"
     stacktrace="false"
     >
     <messagebody>
       Allocating {1} dedicated threads to {0} Work Manager. Work Manager {0} now has {2} threads. 
     </messagebody>
     <messagedetail>
       Allocating {1} dedicated threads to {0} Work Manager. Total thread count now is {2} 
     </messagedetail>
     <cause>
        The server is allocating dedicated threads to a high throughput Work Manager as an optimization.   
     </cause>
     <action>
        No action is required as the server auto tunes.
     </action>
  </logmessage>
  
  <logmessage
     messageid="002911"
     severity="critical"
     method="logScheduleFailed(String wm, Throwable th)"
     stacktrace="true"
     >
     <messagebody>
       Work Manager {0} failed to schedule a request due to {1}
     </messagebody>
     <messagedetail>
       Work Manager {0} failed to schedule a request due to {1}
     </messagedetail>
     <cause>
        Work Manager did not schedule a request due to a fatal failure.   
     </cause>
     <action>
        This is a critical failure. Report to My Oracle Support with the logs.
     </action>
  </logmessage>
  
  <logmessage
     messageid="002912"
     severity="info"
     method="logOverloadAction(String wm, int curLength, int capacity)"
     loggable="true"
     stacktrace="false"
     >
     <messagebody>
      Overload Manager {0} rejected request as current length {1} exceeds max capacity of {2}      
     </messagebody>
     <messagedetail>
       Overload Manager {0} rejected request as current length {1} exceeds max capacity of {2}      
     </messagedetail>
     <cause>
        A request was rejected as the overload capacity was reached or exceeded.   
     </cause>
     <action>
       No action is required.
     </action>
  </logmessage>
  
  <logmessage
     messageid="002913"
     severity="info"
     loggable="true"
     method="logLowMemory(String wm)"
     stacktrace="false"
     >
     <messagebody>
      Work Manager {0} rejected request as the server is low on memory      
     </messagebody>
     <messagedetail>
       Work Manager {0} rejected request as the server is low on memory      
     </messagedetail>
     <cause>
        A request was rejected as the server was low on memory.   
     </cause>
     <action>
       No action is required.
     </action>
  </logmessage>
  
  <logmessage
     messageid="002914"
     severity="error"
     method="logShutdownCallbackFailed(Throwable th)"
     stacktrace="true"
     >
     <messagebody>
      Shutdown callback invocation failed with:\n{0}       
     </messagebody>
     <messagedetail>
       Invocation of the application container shutdown callback caused an exception.       
     </messagedetail>
     <cause>
       There was an internal error in the application shutdown.  
     </cause>
     <action>
      Report to My Oracle Support with the logs.
     </action>
  </logmessage>
  
  <logmessage
     messageid="002915"
     severity="info"
     retired="true"
     method="logThreadPriorityChanged(String name, int current, int new)"
     stacktrace="true"
     >
     <messagebody>
      Thread priority of request class {0} changed from {1} to {2}       
     </messagebody>
     <messagedetail>
       Thread priority of request class {0} changed from {1} to {2}       
     </messagedetail>
     <cause>
       The thread priority changed for this request class.    
     </cause>
     <action>
       No action is required.
     </action>
  </logmessage>
  
  <logmessage
     messageid="002916"
     severity="info"
     loggable="true"
     method="logCancelBeforeEnqueue(String wmName, String appName)"
     >
     <messagebody>
       Request belonging to Work Manager {0}, application {1} is rejected as the WorkManager is shutdown.          
     </messagebody>
     <messagedetail>
       Request belonging to Work Manager {0}, application {1} is rejected as the Work Manager is shutdown.          
     </messagedetail>
     <cause>
       The request was refused entry because the Work Manager was shutdown.    
     </cause>
     <action>
       No action is required.
     </action>
  </logmessage>
    
  <logmessage
     messageid="002917"
     severity="info"
     loggable="true"
     method="logCancelAfterEnqueue(String wmName, String appName)"
     >
     <messagebody>
       Enqueued request belonging to Work Manager {0}, application {1} is cancelled as the Work Manager is shutdown.          
     </messagebody>
     <messagedetail>
       Enqueued request belonging to Work Manager {0}, application {1} is cancelled as the Work Manager is shutdown.          
     </messagedetail>
     <cause>
       The request was refused because the Work Manager was shutdown.    
     </cause>
     <action>
       No action was required.
     </action>
  </logmessage>
  
  <logmessage
     messageid="002918"
     severity="warning"
     method="logNoSelfTuningForExecuteQueues()"
     >
     <messagebody>
       Server detected execute queue(s) in self-tuning mode. Execute queues will not be self-tuned. They retain their behavior from earlier releases. Consider using Work Managers to take advantage of self-tuning.            
     </messagebody>
     <messagedetail>
       Server detected execute queue(s) in self-tuning mode. Execute queues will not be self-tuned. They retain their behavior from earlier releases. Consider using Work Managers to take advantage of self-tuning.            
     </messagedetail>
     <cause>
       The execute queues were detected in the self-tuning server.  
     </cause>
     <action>
       Consider removing the execute queues. The server automatically adjusts the thread pool size for optimal performance. Work Managers can be used to change the default behavior where needed.    
     </action>
  </logmessage>

  <logmessage
     messageid="002919"
     severity="warning"
     method="logWorkManagerNotFound(String workManagerName, String applicationName)"
     >
     <messagebody>
       Unable to find a Work Manager with name {0}. Dispatch policy {0} will map to the default Work Manager for the application {1}
     </messagebody>
     <messagedetail>
       Unable to find a Work Manager with name {0}. Dispatch policy {0} will map to the default Work Manager for the application {1}
     </messagedetail>
     <cause>
       There is no Work Manager with the given name.
     </cause>
     <action>
       This could indicate a configuration error. Check the dispatch-policy and ensure that it matches the name of a Work Manager defined either within the same application or globally.
     </action>
  </logmessage>

  <logmessage
     messageid="002920"
     severity="info"
     loggable="true"
     method="getWorkManagerDescription()">
     <messagebody>
       An instance of the mSA Work Manager
     </messagebody>
     <messagedetail/>
     <cause/>
     <action/>
  </logmessage>

  <logmessage
     messageid="002921"
     severity="info"
     loggable="true"
     method="getWorkManagerNameAttribute()">
     <messagebody>
       The name of the Work Manager
     </messagebody>
     <messagedetail/>
     <cause/>
     <action/>
  </logmessage>

  <logmessage
     messageid="002922"
     severity="info"
     loggable="true"
     method="getPendingRequestsAttribute()">
     <messagebody>
       The number of waiting requests in the queue
     </messagebody>
     <messagedetail/>
     <cause/>
     <action/>
  </logmessage>

  <logmessage
     messageid="002923"
     severity="info"
     method="getCompletedRequestsAttribute()">
     <messagebody>
       The number of requests that have been processed
     </messagebody>
     <messagedetail/>
     <cause/>
     <action/>
  </logmessage>

  <logmessage
     messageid="002924"
     severity="info"
     loggable="true"
     method="getMinThreadsConstraintDescription()">
     <messagebody>
       An instance of the MinThreadsConstraint for a particular Work Manager
     </messagebody>
     <messagedetail/>
     <cause/>
     <action/>
  </logmessage>

  <logmessage
     messageid="002925"
     severity="info"
     method="getMinThreadsConstraintCompletedRequestsAttribute()">
     <messagebody>
       Completed request count
     </messagebody>
     <messagedetail/>
     <cause/>
     <action/>
  </logmessage>

  <logmessage
     messageid="002926"
     severity="info"
     loggable="true"
     method="getMinThreadsConstraintPendingRequestsAttribute()">
     <messagebody>
       Pending requests that are waiting for an available thread
     </messagebody>
     <messagedetail/>
     <cause/>
     <action/>
  </logmessage>

  <logmessage
     messageid="002927"
     severity="info"
     loggable="true"
     method="getMinThreadsConstraintExecutingRequestsAttribute()">
     <messagebody>
       Number of requests that are currently executing
     </messagebody>
     <messagedetail/>
     <cause/>
     <action/>
  </logmessage>

  <logmessage
     messageid="002928"
     severity="info"
     loggable="true"
     method="getMinThreadsConstraintOutOfOrderExecutionCountAttribute()">
     <messagebody>
       Number of requests executed out of turn to satisfy this constraint
     </messagebody>
     <messagedetail/>
     <cause/>
     <action/>
  </logmessage>

  <logmessage
     messageid="002929"
     severity="info"
     method="getMinThreadsConstraintMustRunCountAttribute()">
     <messagebody>
       Number of requests that must be executed to satisfy the constraint
     </messagebody>
     <messagedetail/>
     <cause/>
     <action/>
  </logmessage>

  <logmessage
     messageid="002930"
     severity="info"
     loggable="true"
     method="getMinThreadsConstraintMaxWaitTimeAttribute()">
     <messagebody>
       The maximum time a request had to wait for a thread. Only requests whose execution is needed to satisfy the constraint are considered.
     </messagebody>
     <messagedetail/>
     <cause/>
     <action/>
  </logmessage>

  <logmessage
     messageid="002931"
     severity="info"
     loggable="true"
     method="getMinThreadsConstraintCurrentWaitTimeAttribute()">
     <messagebody>
       Number of requests that must be executed to satisfy the constraint
     </messagebody>
     <messagedetail/>
     <cause/>
     <action/>
  </logmessage>

  <logmessage
     messageid="002932"
     severity="info"
     loggable="true"
     method="getMaxThreadsConstraintDescription()">
     <messagebody>
       An instance of the MaxThreadsConstraint for a particular Work Manager
     </messagebody>
     <messagedetail/>
     <cause/>
     <action/>
  </logmessage>

  <logmessage
     messageid="002933"
     severity="info"
     loggable="true"
     method="getMaxThreadsConstraintExecutingRequestsAttribute()">
     <messagebody>
       Number of requests that are currently executing
     </messagebody>
     <messagedetail/>
     <cause/>
     <action/>
  </logmessage>

  <logmessage
     messageid="002934"
     severity="info"
     loggable="true"
     method="getMaxThreadsConstraintDeferredRequestsAttribute()">
     <messagebody>
       Number of requests that are denied a thread for execution because the constraint is exceeded
     </messagebody>
     <messagedetail/>
     <cause/>
     <action/>
  </logmessage>
  
  <logmessage
     messageid="002935"
     severity="warning"
     method="logMissingContextCaseRequestClass(String entry, String value)">
     <messagebody>
       request-class-name reference within ContextCase element for entry {0} with value: {1} ;cannot be resolved for Work Manager.  
     </messagebody>
     <messagedetail>
       request-class-name reference within ContextCase element for entry {0} with value: {1} ;cannot be resolved for Work Manager.  
     </messagedetail>
     <cause/>
     <action/>
  </logmessage>

  <logmessage
     messageid="002936"
     severity="info"
     method="logMaxThreadsConstraintReached(String constraintName)"
     stacktrace="false"
     >
     <messagebody>
       maximum thread constraint {0} is reached
     </messagebody>
     <messagedetail>
       maximum thread constraint {0} is reached
     </messagedetail>
     <cause>
        The number of threads assigned to this work manager has reached the configured value in the maximum threads constraint
     </cause>
     <action>
        No action is required.
     </action>
  </logmessage>

  <logmessage
     messageid="002937"
     severity="info"
     method="logMaxThreadsConstraintNoLongerReached(String constraintName)"
     stacktrace="false"
     >
     <messagebody>
       The maximum thread constraint {0} is no longer reached.
     </messagebody>
     <messagedetail>
      The maximum thread constraint {0} is no longer reached.
     </messagedetail>
     <cause>
        The number of threads assigned to this Work Manager has dropped below the configured value in the maximum threads constraint.
     </cause>
     <action>
       No action is required.
     </action>
  </logmessage>

  <logmessage
     messageid="002938"
     severity="info"
     method="logGlobalInternalWorkManagerOverriden(String workManagerName)"
     stacktrace="false"
     >
     <messagebody>
       Global work manager &quot;{0}&quot; created with customized configuration
     </messagebody>
     <messagedetail>
       Global work manager &quot;{0}&quot; created with customized configuration
     </messagedetail>
     <cause>
        The default configuration for a global work manager has been overriden and the work manager is created with a customized configuration
     </cause>
     <action>
        no action needed
     </action>
  </logmessage>

  <logmessage
     messageid="002939"
     severity="info"
     method="logMaxThreadsConstraintReachedGathered(String constraintName, int num, long period)"
     stacktrace="false"
     >
     <messagebody>
       The maximum thread constraint {0} has been reached {1} times for the last {2} seconds.
     </messagebody>
     <messagedetail>
       The maximum thread constraint {0} has been reached {1} times for the last {2} seconds.
     </messagedetail>
     <cause>
        The number of threads assigned to this work manager has reached the configured value for the maximum threads constraint.
     </cause>
     <action>
        No action is required.
     </action>
  </logmessage>

   <logmessage
      messageid="002940"
      datelastchanged="1349385494639"
      datehash="2061526106"
      severity="info"
      method="logWorkManagerShutdownActionTriggered(String workManagerName)"
      stacktrace="false"
      diagnosticvolume="Off"
      >
      <messagebody>
         Shutting down work manager &quot;{0}&quot; according to the configured work manager shutdown trigger.
      </messagebody>
      <messagedetail>
         A work manager is being shut down because the number of stuck threads has reached the configured value in a work manager shutdown trigger.
      </messagedetail>
      <cause>
         A work manager is being shut down because the number of stuck threads has reached the configured value in a work manager shutdown trigger.
      </cause>
      <action>
         Monitor the stuck threads to determine the reason why the requests have been taking a long time to process. If resumeWhenUnstuck is true, the work manager will be resumed when there are no more stuck threads for the work manager.
      </action>
   </logmessage>

   <logmessage
      messageid="002941"
      datelastchanged="1384192769167"
      datehash="-229260318"
      severity="notice"
      method="logRemovedStandbyThreads(int numThreads)"
      stacktrace="false"
      diagnosticvolume="Off"
      >
      <messagebody>
         Removed {0} threads from the standby thread pool.
      </messagebody>
      <messagedetail>
         Removed {0} threads from the standby thread pool as they are no longer needed.
      </messagedetail>
      <cause>
         The server is reducing the number of threads in the standby thread pool either because they are not needed or to reduce overall resource usages of the server.
      </cause>
      <action>
         No action is required as the server auto tunes.
      </action>
   </logmessage>

   <logmessage
      messageid="002942"
      datelastchanged="1385404212703"
      datehash="-388196333"
      severity="info"
      method="logCMMLevelChanged(int memLevel, int newPoolSize)"
      stacktrace="false"
      >
      <messagebody>
         CMM memory level becomes {0}. Setting standby thread pool size to {1}.
      </messagebody>
      <messagedetail>
         Setting standby thread pool size to {1} due to CMM memory level becomes {0}.
      </messagedetail>
      <cause>
         CMM memory level has changed. Standby thread pool size may be adjusted accordingly.
      </cause>
      <action>
         No action is required.
      </action>
   </logmessage>

    <logmessage
       messageid="002943"
       datelastchanged="1397712799209"
       datehash="908393892"
       severity="warning"
       method="logMaxThreadsConstraintQueueFull(String maxConstraintName, String wmName, int maxCapacity)"
       stacktrace="false"
       >
       <messagebody>
          Maximum Threads Constraint &quot;{0}&quot; queue for work manager &quot;{1}&quot; reached maximum capacity of {2} elements. Please consider setting a larger queue size for the maximum threads constraint.
       </messagebody>
       <messagedetail>
          Maximum Threads Constraint &quot;{0}&quot; queue for work manager &quot;{1}&quot; reached maximum capacity of {2} elements. Work entry is not added to that queue, but it is still present in the min threads constraint queue. Please consider setting a larger queue size.
        </messagedetail>
        <cause>
          The max threads constraint queue is full.
        </cause>
        <action>
          Consider setting a larger queue size for the max threads constraint.
        </action>
    </logmessage>

    <logmessage
       messageid="002944"
       severity="warning"
       method="logMaxThreadsConstraintQueueFullGathered(String maxConstraintName, String wmName, int maxCapacity, int num, long period)"
       stacktrace="false"
       >
        <messagebody>
            Maximum Threads Constraint &quot;{0}&quot; queue for work manager &quot;{1}&quot; reached maximum capacity of {2} elements {3} times for the last {4} seconds. Please consider setting a larger queue size for the maximum threads constraint.
        </messagebody>
        <messagedetail>
            Maximum Threads Constraint &quot;{0}&quot; queue for work manager &quot;{1}&quot; reached maximum capacity of {2} elements {3} times for the last {4} seconds. Work entry is not added to that queue, but it is still present in the min threads constraint queue. Please consider setting a larger queue size.
        </messagedetail>
        <cause>
            The max threads constraint queue is full.
        </cause>
        <action>
            Consider setting a larger queue size for the max threads constraint.
        </action>
    </logmessage>

   <logmessage
      messageid="002958"
      severity="info"
      method="logWorkManagerDumperStarted()"
      stacktrace="false"
      >
      <messagebody>
        WorkManager state dump has been enabled.
      </messagebody>
      <messagedetail>
        WorkManager state dump has been enabled.
      </messagedetail>
      <cause>
        WorkManager state dump is enabled.
      </cause>
      <action>
        No action is required.
      </action>
   </logmessage>

</message_catalog>
