<?xml version="1.0" encoding="UTF-8"?>
<weblogic-web-app xmlns="http://www.bea.com/ns/weblogic/90">
	<charset-params>
		<input-charset>
			<resource-path>/*</resource-path>
			<java-charset-name>UTF-8</java-charset-name>
		</input-charset>
	</charset-params>
	<container-descriptor>
		<prefer-web-inf-classes>false</prefer-web-inf-classes>
	</container-descriptor>

	<security-role-assignment>
        	<role-name>Deployer</role-name>
        	<externally-defined/>
	</security-role-assignment>
    <security-role-assignment>
      <role-name>Admin</role-name>
      <externally-defined/>
    </security-role-assignment>

    <!--
    <security-role-assignment>
      <role-name>TestclientAdmin</role-name>
      <externally-defined/>
    </security-role-assignment>
    -->
</weblogic-web-app>
